,ID,label
0,1.jpg,s1O2
1,2.jpg,YiVL
2,3.jpg,pC56
3,4.jpg,TzMg
4,5.jpg,xPrE
5,6.jpg,zAhH
6,7.jpg,myRH
7,8.jpg,ekY4
8,9.jpg,Q0JI
9,10.jpg,8bud
10,11.jpg,OPRp
11,12.jpg,KlN6
12,13.jpg,u38E
13,14.jpg,utZh
14,15.jpg,DEnE
15,16.jpg,UHur
16,17.jpg,WZw2
17,18.jpg,TbrU
18,19.jpg,aByJ
19,20.jpg,EydQ
20,21.jpg,rVYt
21,22.jpg,dPX9
22,23.jpg,E09m
23,24.jpg,TUJT
24,25.jpg,nB51
25,26.jpg,ldof
26,27.jpg,1Ars
27,28.jpg,oPVq
28,29.jpg,jhVp
29,30.jpg,1sGC
30,31.jpg,b86y
31,32.jpg,lFRz
32,33.jpg,wgKF
33,34.jpg,Wnyh
34,35.jpg,V7T8
35,36.jpg,hUhM
36,37.jpg,xqyh
37,38.jpg,jQIv
38,39.jpg,D26n
39,40.jpg,dHUl
40,41.jpg,LWBh
41,42.jpg,WG79
42,43.jpg,inCn
43,44.jpg,lLCy
44,45.jpg,wc8T
45,46.jpg,uje4
46,47.jpg,0pMr
47,48.jpg,QRTy
48,49.jpg,KBVn
49,50.jpg,pBKf
50,51.jpg,5ryV
51,52.jpg,W7YK
52,53.jpg,yEMx
53,54.jpg,DKmm
54,55.jpg,Htrz
55,56.jpg,aWOb
56,57.jpg,KGlQ
57,58.jpg,MUKZ
58,59.jpg,U1Cj
59,60.jpg,DNlz
60,61.jpg,3741
61,62.jpg,BkEA
62,63.jpg,3b4Q
63,64.jpg,9Y2g
64,65.jpg,6lMC
65,66.jpg,y3HI
66,67.jpg,OckF
67,68.jpg,LhIy
68,69.jpg,AY4V
69,70.jpg,1KRT
70,71.jpg,QQRT
71,72.jpg,FYAW
72,73.jpg,HAY9
73,74.jpg,tAZD
74,75.jpg,9qTj
75,76.jpg,Haef
76,77.jpg,Gveg
77,78.jpg,nYxr
78,79.jpg,PXXa
79,80.jpg,4NzA
80,81.jpg,Gtyq
81,82.jpg,mIml
82,83.jpg,RoFf
83,84.jpg,ydXH
84,85.jpg,Gdqb
85,86.jpg,VFHr
86,87.jpg,wuDS
87,88.jpg,BwRN
88,89.jpg,BAV6
89,90.jpg,yjr0
90,91.jpg,v0we
91,92.jpg,lrgK
92,93.jpg,BUn6
93,94.jpg,lRqT
94,95.jpg,t0GX
95,96.jpg,ksxs
96,97.jpg,DOhV
97,98.jpg,VQhx
98,99.jpg,MY1A
99,100.jpg,g16l
100,101.jpg,Q9k3
101,102.jpg,BmvY
102,103.jpg,GSwh
103,104.jpg,u6pf
104,105.jpg,cTml
105,106.jpg,N6HE
106,107.jpg,8d5S
107,108.jpg,n3Lb
108,109.jpg,Tm5s
109,110.jpg,GPJM
110,111.jpg,6asA
111,112.jpg,Ih5Z
112,113.jpg,3ayf
113,114.jpg,BT57
114,115.jpg,QXMD
115,116.jpg,nLnH
116,117.jpg,tnXd
117,118.jpg,NLBp
118,119.jpg,RiuW
119,120.jpg,bUhR
120,121.jpg,aRX7
121,122.jpg,dh8Z
122,123.jpg,FOi1
123,124.jpg,A07c
124,125.jpg,msQB
125,126.jpg,VENn
126,127.jpg,0Jdl
127,128.jpg,B36o
128,129.jpg,eOZ4
129,130.jpg,xa4k
130,131.jpg,T0GC
131,132.jpg,AqVV
132,133.jpg,dDJs
133,134.jpg,rUTq
134,135.jpg,7oyr
135,136.jpg,B3yu
136,137.jpg,78XM
137,138.jpg,dsLa
138,139.jpg,lAoi
139,140.jpg,4kbY
140,141.jpg,VzFC
141,142.jpg,7Bq9
142,143.jpg,R3jE
143,144.jpg,fLng
144,145.jpg,A8dp
145,146.jpg,NZ3n
146,147.jpg,tVmK
147,148.jpg,4aPj
148,149.jpg,nyyo
149,150.jpg,mx6V
150,151.jpg,SpAo
151,152.jpg,lsHx
152,153.jpg,e4KN
153,154.jpg,zIzW
154,155.jpg,UuGp
155,156.jpg,tJHS
156,157.jpg,rLwP
157,158.jpg,j6jl
158,159.jpg,KMV8
159,160.jpg,quui
160,161.jpg,I8pE
161,162.jpg,UgaH
162,163.jpg,Z4hP
163,164.jpg,so0x
164,165.jpg,sOaf
165,166.jpg,2uGe
166,167.jpg,88f2
167,168.jpg,6znk
168,169.jpg,51d2
169,170.jpg,bTLn
170,171.jpg,yEHS
171,172.jpg,XUfU
172,173.jpg,C0Rm
173,174.jpg,0iVB
174,175.jpg,4XpO
175,176.jpg,QfAZ
176,177.jpg,0S6s
177,178.jpg,vP6q
178,179.jpg,OsNn
179,180.jpg,bbO3
180,181.jpg,A2cZ
181,182.jpg,E0aB
182,183.jpg,SBsE
183,184.jpg,ATIB
184,185.jpg,u5ts
185,186.jpg,LkT8
186,187.jpg,adNn
187,188.jpg,LsLs
188,189.jpg,OAfr
189,190.jpg,z61p
190,191.jpg,rIxH
191,192.jpg,AkK1
192,193.jpg,5zDC
193,194.jpg,kJMV
194,195.jpg,O8zT
195,196.jpg,NK7A
196,197.jpg,rNFp
197,198.jpg,k6r7
198,199.jpg,bbXd
199,200.jpg,hYTE
200,201.jpg,gHJf
201,202.jpg,Tv5P
202,203.jpg,ScR5
203,204.jpg,0HfD
204,205.jpg,Mwqs
205,206.jpg,88FW
206,207.jpg,4WBX
207,208.jpg,1tGV
208,209.jpg,Pyw8
209,210.jpg,NMxY
210,211.jpg,G2bc
211,212.jpg,TAeD
212,213.jpg,sULa
213,214.jpg,qY3L
214,215.jpg,yHkO
215,216.jpg,FcQo
216,217.jpg,hvcW
217,218.jpg,KaQk
218,219.jpg,epsV
219,220.jpg,BmZ3
220,221.jpg,AhTE
221,222.jpg,O6Vl
222,223.jpg,flUC
223,224.jpg,4h7U
224,225.jpg,1ZR3
225,226.jpg,qmDC
226,227.jpg,7GOo
227,228.jpg,NwjA
228,229.jpg,DjmQ
229,230.jpg,frCK
230,231.jpg,21dy
231,232.jpg,j68M
232,233.jpg,a9IZ
233,234.jpg,RtAJ
234,235.jpg,LKgo
235,236.jpg,1gAy
236,237.jpg,2Bb7
237,238.jpg,S8m8
238,239.jpg,hAPX
239,240.jpg,Q2XE
240,241.jpg,HL9U
241,242.jpg,gbDD
242,243.jpg,L0Ad
243,244.jpg,JoLm
244,245.jpg,JHXP
245,246.jpg,4RMb
246,247.jpg,cYgv
247,248.jpg,OOOH
248,249.jpg,mxpG
249,250.jpg,djpt
250,251.jpg,ei0a
251,252.jpg,JOYs
252,253.jpg,X29g
253,254.jpg,lOlA
254,255.jpg,hx4X
255,256.jpg,xno9
256,257.jpg,OaI4
257,258.jpg,Uoqc
258,259.jpg,GXIu
259,260.jpg,Bbep
260,261.jpg,5nED
261,262.jpg,3osp
262,263.jpg,EngY
263,264.jpg,arJP
264,265.jpg,5Lwu
265,266.jpg,2MN0
266,267.jpg,FAfx
267,268.jpg,8vGR
268,269.jpg,zv10
269,270.jpg,5xFr
270,271.jpg,k3pG
271,272.jpg,oIQz
272,273.jpg,JgZj
273,274.jpg,QrNu
274,275.jpg,neaT
275,276.jpg,kEKC
276,277.jpg,xwXg
277,278.jpg,z0T7
278,279.jpg,NLnO
279,280.jpg,oWd6
280,281.jpg,jjQ1
281,282.jpg,qdzn
282,283.jpg,CjZ0
283,284.jpg,zyoW
284,285.jpg,qqZq
285,286.jpg,W7u2
286,287.jpg,2ZZ9
287,288.jpg,g5jE
288,289.jpg,yTcJ
289,290.jpg,4eJh
290,291.jpg,aqD8
291,292.jpg,Vig4
292,293.jpg,PX8z
293,294.jpg,0YEM
294,295.jpg,JFmu
295,296.jpg,5ViF
296,297.jpg,YCfm
297,298.jpg,J6D8
298,299.jpg,saFT
299,300.jpg,J2PV
300,301.jpg,dNHI
301,302.jpg,pMwU
302,303.jpg,pLs0
303,304.jpg,Gpcr
304,305.jpg,NzUm
305,306.jpg,CAgs
306,307.jpg,f155
307,308.jpg,lmO7
308,309.jpg,Kv8r
309,310.jpg,4seO
310,311.jpg,WFU7
311,312.jpg,PaSG
312,313.jpg,jjST
313,314.jpg,ZbbU
314,315.jpg,9mPA
315,316.jpg,J4Cr
316,317.jpg,YRXO
317,318.jpg,W6dN
318,319.jpg,fu9u
319,320.jpg,MLqY
320,321.jpg,bz3y
321,322.jpg,pLeW
322,323.jpg,znXd
323,324.jpg,QVjN
324,325.jpg,eVT0
325,326.jpg,XZvY
326,327.jpg,3h4l
327,328.jpg,7r9F
328,329.jpg,m6QM
329,330.jpg,H8X1
330,331.jpg,dacj
331,332.jpg,9VIU
332,333.jpg,KoW4
333,334.jpg,6P74
334,335.jpg,MRek
335,336.jpg,Gzow
336,337.jpg,pTfT
337,338.jpg,t37U
338,339.jpg,08il
339,340.jpg,8La0
340,341.jpg,Ba3D
341,342.jpg,UOOY
342,343.jpg,kKuP
343,344.jpg,QdDb
344,345.jpg,jMUJ
345,346.jpg,57HJ
346,347.jpg,7y6y
347,348.jpg,QC0V
348,349.jpg,x2Jb
349,350.jpg,RFS9
350,351.jpg,Cg9J
351,352.jpg,VRQQ
352,353.jpg,QgDi
353,354.jpg,c2hc
354,355.jpg,lysu
355,356.jpg,q9c3
356,357.jpg,B3AC
357,358.jpg,c5Iv
358,359.jpg,0P3C
359,360.jpg,hJLn
360,361.jpg,N03Q
361,362.jpg,m91h
362,363.jpg,hwjw
363,364.jpg,MmHU
364,365.jpg,Af74
365,366.jpg,6jyA
366,367.jpg,SMTM
367,368.jpg,u78z
368,369.jpg,MpCH
369,370.jpg,F1pk
370,371.jpg,SmY8
371,372.jpg,ecG4
372,373.jpg,mVNZ
373,374.jpg,Ch0I
374,375.jpg,GMXH
375,376.jpg,Uuve
376,377.jpg,1aM6
377,378.jpg,4ltB
378,379.jpg,ZrkG
379,380.jpg,G4uG
380,381.jpg,o642
381,382.jpg,M0T8
382,383.jpg,5qLu
383,384.jpg,b6ly
384,385.jpg,UjyO
385,386.jpg,gQds
386,387.jpg,vqrk
387,388.jpg,LGcv
388,389.jpg,Kche
389,390.jpg,AJXg
390,391.jpg,S2L9
391,392.jpg,om52
392,393.jpg,4dYS
393,394.jpg,VLyz
394,395.jpg,bzID
395,396.jpg,JCXO
396,397.jpg,DE59
397,398.jpg,zD1I
398,399.jpg,Scw3
399,400.jpg,y0gS
400,401.jpg,2LMg
401,402.jpg,HJnK
402,403.jpg,UJpQ
403,404.jpg,uoch
404,405.jpg,8DQp
405,406.jpg,9g0S
406,407.jpg,qr37
407,408.jpg,SZ28
408,409.jpg,CkKz
409,410.jpg,pXmd
410,411.jpg,lkiD
411,412.jpg,PvDy
412,413.jpg,jn49
413,414.jpg,sGAB
414,415.jpg,uULg
415,416.jpg,fP0D
416,417.jpg,WXas
417,418.jpg,TA1U
418,419.jpg,x3OZ
419,420.jpg,MGFB
420,421.jpg,p40A
421,422.jpg,Hx7R
422,423.jpg,MZPi
423,424.jpg,CHjC
424,425.jpg,FmjN
425,426.jpg,aRzc
426,427.jpg,lPqA
427,428.jpg,Pb0I
428,429.jpg,o5yV
429,430.jpg,y4vR
430,431.jpg,Wap1
431,432.jpg,hNDD
432,433.jpg,Z5BY
433,434.jpg,HG3v
434,435.jpg,UTOr
435,436.jpg,Hw8d
436,437.jpg,lxrJ
437,438.jpg,m12H
438,439.jpg,sD0H
439,440.jpg,bqGs
440,441.jpg,qWaP
441,442.jpg,ghbx
442,443.jpg,4FRB
443,444.jpg,8TOO
444,445.jpg,lhwE
445,446.jpg,dCWK
446,447.jpg,E0d3
447,448.jpg,Qww9
448,449.jpg,Q5aN
449,450.jpg,wXOQ
450,451.jpg,SOo5
451,452.jpg,izYl
452,453.jpg,HELD
453,454.jpg,Zx87
454,455.jpg,PqPg
455,456.jpg,EumI
456,457.jpg,ftas
457,458.jpg,8d88
458,459.jpg,mMTO
459,460.jpg,joMV
460,461.jpg,UxUS
461,462.jpg,fwgG
462,463.jpg,3J50
463,464.jpg,gOGy
464,465.jpg,AEHl
465,466.jpg,6R9n
466,467.jpg,z9iU
467,468.jpg,pDxq
468,469.jpg,SUND
469,470.jpg,Z3ju
470,471.jpg,tpQa
471,472.jpg,wk5W
472,473.jpg,DMNL
473,474.jpg,LqVg
474,475.jpg,qYQq
475,476.jpg,kWfe
476,477.jpg,FEdP
477,478.jpg,w8Wb
478,479.jpg,dEgh
479,480.jpg,PeYL
480,481.jpg,pSsB
481,482.jpg,DhP8
482,483.jpg,ELhl
483,484.jpg,fecJ
484,485.jpg,GC3p
485,486.jpg,qxs6
486,487.jpg,B5kU
487,488.jpg,Z5TA
488,489.jpg,AydD
489,490.jpg,aRWW
490,491.jpg,deJQ
491,492.jpg,WWoA
492,493.jpg,ecxK
493,494.jpg,7by9
494,495.jpg,4JKW
495,496.jpg,Sp21
496,497.jpg,R9MX
497,498.jpg,fOPf
498,499.jpg,e1zb
499,500.jpg,1krs
500,501.jpg,wJTM
501,502.jpg,3QVV
502,503.jpg,HPQy
503,504.jpg,6y69
504,505.jpg,JRvh
505,506.jpg,jPVp
506,507.jpg,pDnw
507,508.jpg,OqE2
508,509.jpg,RM0j
509,510.jpg,Q0Lw
510,511.jpg,sdbY
511,512.jpg,O0IO
512,513.jpg,Qi4Y
513,514.jpg,hvWK
514,515.jpg,Zojx
515,516.jpg,686c
516,517.jpg,6xGm
517,518.jpg,2moE
518,519.jpg,BTtS
519,520.jpg,am76
520,521.jpg,RfaA
521,522.jpg,MEYh
522,523.jpg,XWx3
523,524.jpg,zevd
524,525.jpg,pTJg
525,526.jpg,oSrA
526,527.jpg,GyLw
527,528.jpg,96Ev
528,529.jpg,51wm
529,530.jpg,0Eg0
530,531.jpg,EpJq
531,532.jpg,roUF
532,533.jpg,f3Og
533,534.jpg,Au9z
534,535.jpg,D2jo
535,536.jpg,tMmP
536,537.jpg,bUHo
537,538.jpg,Qwms
538,539.jpg,qmSZ
539,540.jpg,rIDM
540,541.jpg,ONOB
541,542.jpg,bQ4p
542,543.jpg,BkXL
543,544.jpg,VXhm
544,545.jpg,MFXp
545,546.jpg,VQcw
546,547.jpg,eH8d
547,548.jpg,0uh2
548,549.jpg,niW5
549,550.jpg,c4Ss
550,551.jpg,pKNU
551,552.jpg,mFuB
552,553.jpg,lSHd
553,554.jpg,XhBF
554,555.jpg,9FVd
555,556.jpg,05YH
556,557.jpg,h3Cl
557,558.jpg,awrT
558,559.jpg,GCoB
559,560.jpg,dBEA
560,561.jpg,yTa6
561,562.jpg,9RxA
562,563.jpg,wfdp
563,564.jpg,HezF
564,565.jpg,AKUp
565,566.jpg,upX2
566,567.jpg,FmXW
567,568.jpg,ZUae
568,569.jpg,PI8V
569,570.jpg,0lqp
570,571.jpg,iKiw
571,572.jpg,lExv
572,573.jpg,03DJ
573,574.jpg,bZyP
574,575.jpg,Q4V6
575,576.jpg,rSyz
576,577.jpg,X83V
577,578.jpg,zDM2
578,579.jpg,L8pB
579,580.jpg,0djp
580,581.jpg,UYr4
581,582.jpg,luSh
582,583.jpg,uc9I
583,584.jpg,EvTS
584,585.jpg,WQCm
585,586.jpg,jsGv
586,587.jpg,Erq5
587,588.jpg,IHU5
588,589.jpg,xgZM
589,590.jpg,7m0o
590,591.jpg,5OFf
591,592.jpg,2MDi
592,593.jpg,bESy
593,594.jpg,NwCp
594,595.jpg,nIR3
595,596.jpg,UCFA
596,597.jpg,iJEp
597,598.jpg,RA1s
598,599.jpg,keoB
599,600.jpg,jFLo
600,601.jpg,fdAX
601,602.jpg,geJL
602,603.jpg,0Tf8
603,604.jpg,dFcx
604,605.jpg,UQUt
605,606.jpg,LFVq
606,607.jpg,MNmq
607,608.jpg,mwwK
608,609.jpg,ycTj
609,610.jpg,JGE8
610,611.jpg,mw2G
611,612.jpg,NsIs
612,613.jpg,tLwh
613,614.jpg,GR5m
614,615.jpg,3noz
615,616.jpg,SNfp
616,617.jpg,Hhe2
617,618.jpg,i8l3
618,619.jpg,oF1X
619,620.jpg,NeUf
620,621.jpg,Ig8B
621,622.jpg,741K
622,623.jpg,rFxu
623,624.jpg,fCZu
624,625.jpg,qbuR
625,626.jpg,oXuU
626,627.jpg,ui4X
627,628.jpg,tZZW
628,629.jpg,2KQY
629,630.jpg,0z2T
630,631.jpg,6Ldh
631,632.jpg,AxXL
632,633.jpg,O3AQ
633,634.jpg,GyGY
634,635.jpg,YGUg
635,636.jpg,3J3m
636,637.jpg,iTld
637,638.jpg,NUSj
638,639.jpg,c1dI
639,640.jpg,ewXN
640,641.jpg,Cbgx
641,642.jpg,ZQhd
642,643.jpg,98HS
643,644.jpg,C1a1
644,645.jpg,rjWS
645,646.jpg,Zxqk
646,647.jpg,muUF
647,648.jpg,RmYN
648,649.jpg,7KOp
649,650.jpg,NFGR
650,651.jpg,c4I9
651,652.jpg,0UQ1
652,653.jpg,hhFZ
653,654.jpg,dEi8
654,655.jpg,Fgst
655,656.jpg,I9K1
656,657.jpg,o4M6
657,658.jpg,V6Le
658,659.jpg,vB7d
659,660.jpg,VC0I
660,661.jpg,OJGI
661,662.jpg,XkV6
662,663.jpg,o5FH
663,664.jpg,9eSo
664,665.jpg,p6QR
665,666.jpg,OlzG
666,667.jpg,CqIF
667,668.jpg,34b8
668,669.jpg,kOhV
669,670.jpg,PuBf
670,671.jpg,WNHH
671,672.jpg,3HBp
672,673.jpg,R9dC
673,674.jpg,BT2v
674,675.jpg,zaKr
675,676.jpg,o8aa
676,677.jpg,3K5W
677,678.jpg,5y5C
678,679.jpg,yndm
679,680.jpg,9GBk
680,681.jpg,16sb
681,682.jpg,yL3P
682,683.jpg,jYyZ
683,684.jpg,hO3E
684,685.jpg,xv8L
685,686.jpg,wkvZ
686,687.jpg,4YJZ
687,688.jpg,RYt3
688,689.jpg,p6JJ
689,690.jpg,Nb4l
690,691.jpg,J2aP
691,692.jpg,8N4v
692,693.jpg,gbgn
693,694.jpg,PbO7
694,695.jpg,yPRn
695,696.jpg,7On5
696,697.jpg,fPRd
697,698.jpg,Kj3J
698,699.jpg,avq3
699,700.jpg,rlaL
700,701.jpg,Q9PV
701,702.jpg,ChKy
702,703.jpg,rVHY
703,704.jpg,5ooN
704,705.jpg,g6q7
705,706.jpg,gUVR
706,707.jpg,tXGE
707,708.jpg,SJrV
708,709.jpg,ZOla
709,710.jpg,60w1
710,711.jpg,ha2d
711,712.jpg,3wDU
712,713.jpg,7kji
713,714.jpg,DNAA
714,715.jpg,RR5h
715,716.jpg,uTGO
716,717.jpg,fObe
717,718.jpg,MkJ3
718,719.jpg,JBv3
719,720.jpg,TU0Z
720,721.jpg,VyGR
721,722.jpg,517C
722,723.jpg,lVpf
723,724.jpg,XPR8
724,725.jpg,JL0C
725,726.jpg,c5uN
726,727.jpg,IzzV
727,728.jpg,024g
728,729.jpg,GvqR
729,730.jpg,z1GU
730,731.jpg,BoyE
731,732.jpg,qoqn
732,733.jpg,YYQK
733,734.jpg,QMjQ
734,735.jpg,Mg4e
735,736.jpg,QfnE
736,737.jpg,g9P0
737,738.jpg,dJ9m
738,739.jpg,XtKi
739,740.jpg,6CnY
740,741.jpg,vHAj
741,742.jpg,sDnt
742,743.jpg,5R8h
743,744.jpg,HS7o
744,745.jpg,Xeu2
745,746.jpg,crIs
746,747.jpg,yJPH
747,748.jpg,f6vZ
748,749.jpg,10dI
749,750.jpg,5YSo
750,751.jpg,xaYc
751,752.jpg,Exva
752,753.jpg,35y2
753,754.jpg,YfVI
754,755.jpg,eScM
755,756.jpg,DGvV
756,757.jpg,48Cc
757,758.jpg,9pB7
758,759.jpg,uTRm
759,760.jpg,dnSg
760,761.jpg,J08l
761,762.jpg,tYn0
762,763.jpg,CTDd
763,764.jpg,mMYh
764,765.jpg,n0oZ
765,766.jpg,YYwU
766,767.jpg,0YdU
767,768.jpg,0bqk
768,769.jpg,uLWG
769,770.jpg,eAZk
770,771.jpg,CO8P
771,772.jpg,sFxC
772,773.jpg,NQOe
773,774.jpg,oxPa
774,775.jpg,CYsQ
775,776.jpg,dFXs
776,777.jpg,4zF7
777,778.jpg,GXj5
778,779.jpg,QkLq
779,780.jpg,Y5Bt
780,781.jpg,zNAs
781,782.jpg,QfcW
782,783.jpg,QQk8
783,784.jpg,b8TD
784,785.jpg,tUYV
785,786.jpg,Dk0d
786,787.jpg,unma
787,788.jpg,KdVe
788,789.jpg,ZRzo
789,790.jpg,mge2
790,791.jpg,VHWs
791,792.jpg,lsGz
792,793.jpg,cZ3e
793,794.jpg,b07e
794,795.jpg,nQN4
795,796.jpg,J8hj
796,797.jpg,GCGS
797,798.jpg,n0IY
798,799.jpg,Ut6K
799,800.jpg,BntN
800,801.jpg,qZxk
801,802.jpg,JXkh
802,803.jpg,BAUI
803,804.jpg,J7uB
804,805.jpg,7tun
805,806.jpg,3t9n
806,807.jpg,6sHS
807,808.jpg,jcFd
808,809.jpg,nOkE
809,810.jpg,FxFO
810,811.jpg,8DrA
811,812.jpg,1iyG
812,813.jpg,iInY
813,814.jpg,y8G2
814,815.jpg,I6So
815,816.jpg,QOdW
816,817.jpg,Sk39
817,818.jpg,lPQg
818,819.jpg,vc9i
819,820.jpg,WcND
820,821.jpg,Zq9c
821,822.jpg,fGCQ
822,823.jpg,q6Is
823,824.jpg,GQEq
824,825.jpg,auKZ
825,826.jpg,4wPk
826,827.jpg,YR3z
827,828.jpg,sqYM
828,829.jpg,xwvR
829,830.jpg,KWLu
830,831.jpg,78Lb
831,832.jpg,A2yh
832,833.jpg,7J7G
833,834.jpg,JQPx
834,835.jpg,L7rV
835,836.jpg,aMgk
836,837.jpg,tn34
837,838.jpg,tDk5
838,839.jpg,nuph
839,840.jpg,x0Uq
840,841.jpg,fZHX
841,842.jpg,ykFY
842,843.jpg,AXGx
843,844.jpg,bmXI
844,845.jpg,G7Kh
845,846.jpg,Pzi1
846,847.jpg,5fVc
847,848.jpg,JbEP
848,849.jpg,4p6O
849,850.jpg,vUgu
850,851.jpg,ouvw
851,852.jpg,tERF
852,853.jpg,n0dH
853,854.jpg,0fnp
854,855.jpg,6cvx
855,856.jpg,tLCR
856,857.jpg,8iZR
857,858.jpg,Qugk
858,859.jpg,B4RI
859,860.jpg,1V3q
860,861.jpg,HB71
861,862.jpg,R15G
862,863.jpg,Ie4s
863,864.jpg,SoDR
864,865.jpg,rCAZ
865,866.jpg,dlk6
866,867.jpg,jaGM
867,868.jpg,8CZs
868,869.jpg,BkhS
869,870.jpg,XS4P
870,871.jpg,X6cp
871,872.jpg,iSWf
872,873.jpg,eeYF
873,874.jpg,Q34J
874,875.jpg,SBoh
875,876.jpg,K5lO
876,877.jpg,IETJ
877,878.jpg,7hy8
878,879.jpg,LNxT
879,880.jpg,F7tv
880,881.jpg,ue7M
881,882.jpg,q7sR
882,883.jpg,ZTM9
883,884.jpg,VNOF
884,885.jpg,EaVQ
885,886.jpg,kb4z
886,887.jpg,4E8P
887,888.jpg,XIlc
888,889.jpg,UrBb
889,890.jpg,wMlP
890,891.jpg,bHon
891,892.jpg,HR1m
892,893.jpg,tspK
893,894.jpg,cbmJ
894,895.jpg,YqdQ
895,896.jpg,MX6g
896,897.jpg,eMMg
897,898.jpg,5J1K
898,899.jpg,jH5h
899,900.jpg,Hx5K
900,901.jpg,OvjY
901,902.jpg,5BVa
902,903.jpg,Ouei
903,904.jpg,d8Xx
904,905.jpg,zJTq
905,906.jpg,z0rO
906,907.jpg,nRqr
907,908.jpg,fy6R
908,909.jpg,aYlk
909,910.jpg,K4QL
910,911.jpg,0q9d
911,912.jpg,1yEr
912,913.jpg,H4uF
913,914.jpg,opoN
914,915.jpg,nkju
915,916.jpg,T2MK
916,917.jpg,dk6O
917,918.jpg,7Ay3
918,919.jpg,G1PE
919,920.jpg,zsEe
920,921.jpg,DyOF
921,922.jpg,ZZ8W
922,923.jpg,e1c1
923,924.jpg,Os3e
924,925.jpg,DEcn
925,926.jpg,WKxR
926,927.jpg,Cqn5
927,928.jpg,oM9h
928,929.jpg,TIuB
929,930.jpg,JMIE
930,931.jpg,qJYK
931,932.jpg,br5F
932,933.jpg,9Mbz
933,934.jpg,mouf
934,935.jpg,qb7U
935,936.jpg,AF6z
936,937.jpg,1dMn
937,938.jpg,ZZw7
938,939.jpg,eFD9
939,940.jpg,SpK8
940,941.jpg,1Po6
941,942.jpg,XSuB
942,943.jpg,aR9s
943,944.jpg,rQOZ
944,945.jpg,FX2e
945,946.jpg,fKUq
946,947.jpg,GMJG
947,948.jpg,orwc
948,949.jpg,xFn2
949,950.jpg,3FYC
950,951.jpg,sdZv
951,952.jpg,vHCz
952,953.jpg,xcjL
953,954.jpg,MMVN
954,955.jpg,FVlc
955,956.jpg,Re08
956,957.jpg,morE
957,958.jpg,0gVr
958,959.jpg,B0zB
959,960.jpg,5MVS
960,961.jpg,d9t7
961,962.jpg,wKTD
962,963.jpg,x2rt
963,964.jpg,kx57
964,965.jpg,PnGw
965,966.jpg,84NT
966,967.jpg,gGVy
967,968.jpg,rIyw
968,969.jpg,wnui
969,970.jpg,TLYL
970,971.jpg,Ga6M
971,972.jpg,PJNl
972,973.jpg,aJKW
973,974.jpg,9N6D
974,975.jpg,ZeIZ
975,976.jpg,MtGv
976,977.jpg,zv9t
977,978.jpg,7L2d
978,979.jpg,MxpI
979,980.jpg,cXJv
980,981.jpg,IQI9
981,982.jpg,SBVA
982,983.jpg,wpMY
983,984.jpg,1yBv
984,985.jpg,bYUq
985,986.jpg,ZwMs
986,987.jpg,pPPF
987,988.jpg,zZOL
988,989.jpg,w7HM
989,990.jpg,k7oG
990,991.jpg,kyb1
991,992.jpg,5Rnh
992,993.jpg,aJGB
993,994.jpg,8amS
994,995.jpg,KBfM
995,996.jpg,dUBJ
996,997.jpg,QX8H
997,998.jpg,9PmY
998,999.jpg,q4fh
999,1000.jpg,hkSU
1000,1001.jpg,whwJ
1001,1002.jpg,n6jF
1002,1003.jpg,oryN
1003,1004.jpg,IpgW
1004,1005.jpg,fT4N
1005,1006.jpg,20du
1006,1007.jpg,oAMs
1007,1008.jpg,QGNM
1008,1009.jpg,FmOG
1009,1010.jpg,wkWo
1010,1011.jpg,JA0z
1011,1012.jpg,NP32
1012,1013.jpg,ma21
1013,1014.jpg,ZhFK
1014,1015.jpg,WAkN
1015,1016.jpg,0lDA
1016,1017.jpg,DM4r
1017,1018.jpg,n52i
1018,1019.jpg,sv24
1019,1020.jpg,edgk
1020,1021.jpg,tRYs
1021,1022.jpg,6MrR
1022,1023.jpg,68dH
1023,1024.jpg,1VoA
1024,1025.jpg,IqnJ
1025,1026.jpg,SjO5
1026,1027.jpg,inkU
1027,1028.jpg,BwD1
1028,1029.jpg,wbhU
1029,1030.jpg,3Hwr
1030,1031.jpg,KVP8
1031,1032.jpg,P92x
1032,1033.jpg,UwPR
1033,1034.jpg,K6yD
1034,1035.jpg,6Wny
1035,1036.jpg,50I6
1036,1037.jpg,XbvK
1037,1038.jpg,rpyL
1038,1039.jpg,U74x
1039,1040.jpg,LVNw
1040,1041.jpg,wC3y
1041,1042.jpg,UfUw
1042,1043.jpg,x8is
1043,1044.jpg,EptC
1044,1045.jpg,5vsV
1045,1046.jpg,psoQ
1046,1047.jpg,dv2f
1047,1048.jpg,Mw9I
1048,1049.jpg,aEV1
1049,1050.jpg,te61
1050,1051.jpg,yH8U
1051,1052.jpg,BIFC
1052,1053.jpg,lsYW
1053,1054.jpg,HP7P
1054,1055.jpg,OIYu
1055,1056.jpg,pkUj
1056,1057.jpg,rBGN
1057,1058.jpg,XEES
1058,1059.jpg,uBP0
1059,1060.jpg,Egvn
1060,1061.jpg,a6xJ
1061,1062.jpg,STs4
1062,1063.jpg,BuSz
1063,1064.jpg,10fQ
1064,1065.jpg,amZO
1065,1066.jpg,yIcg
1066,1067.jpg,4Bme
1067,1068.jpg,VOqf
1068,1069.jpg,Uy9s
1069,1070.jpg,EzGe
1070,1071.jpg,n0sq
1071,1072.jpg,1ELn
1072,1073.jpg,4o1I
1073,1074.jpg,Woce
1074,1075.jpg,sx5p
1075,1076.jpg,OD8X
1076,1077.jpg,bcBb
1077,1078.jpg,UQYj
1078,1079.jpg,fQhP
1079,1080.jpg,I1dG
1080,1081.jpg,pGO1
1081,1082.jpg,gt1B
1082,1083.jpg,p0iv
1083,1084.jpg,7vEi
1084,1085.jpg,By10
1085,1086.jpg,mac0
1086,1087.jpg,FQQk
1087,1088.jpg,YiXL
1088,1089.jpg,j3vH
1089,1090.jpg,gwjm
1090,1091.jpg,NcCV
1091,1092.jpg,RYOm
1092,1093.jpg,cJDj
1093,1094.jpg,Mj5n
1094,1095.jpg,rkdG
1095,1096.jpg,qQyC
1096,1097.jpg,Rms6
1097,1098.jpg,F1cc
1098,1099.jpg,oQ2I
1099,1100.jpg,Uwfs
1100,1101.jpg,jfBi
1101,1102.jpg,OGwn
1102,1103.jpg,9iS0
1103,1104.jpg,UwL2
1104,1105.jpg,e4Fm
1105,1106.jpg,Q5VZ
1106,1107.jpg,AcR8
1107,1108.jpg,yq8L
1108,1109.jpg,PljZ
1109,1110.jpg,vtIy
1110,1111.jpg,Ukkc
1111,1112.jpg,3JfU
1112,1113.jpg,RvrZ
1113,1114.jpg,Dns2
1114,1115.jpg,rrEv
1115,1116.jpg,hTcK
1116,1117.jpg,uSQk
1117,1118.jpg,W2Tb
1118,1119.jpg,idaT
1119,1120.jpg,SBmX
1120,1121.jpg,dE8T
1121,1122.jpg,3EJq
1122,1123.jpg,eoYP
1123,1124.jpg,zZ5E
1124,1125.jpg,EsVj
1125,1126.jpg,klVH
1126,1127.jpg,Kf95
1127,1128.jpg,NYuE
1128,1129.jpg,VCnH
1129,1130.jpg,jWYe
1130,1131.jpg,vvuw
1131,1132.jpg,mK01
1132,1133.jpg,QHuS
1133,1134.jpg,PieC
1134,1135.jpg,1zhI
1135,1136.jpg,mbRx
1136,1137.jpg,DWLu
1137,1138.jpg,Pred
1138,1139.jpg,hlON
1139,1140.jpg,fawz
1140,1141.jpg,mak9
1141,1142.jpg,P6PA
1142,1143.jpg,7K2l
1143,1144.jpg,zArC
1144,1145.jpg,rsLw
1145,1146.jpg,vvs9
1146,1147.jpg,9IDH
1147,1148.jpg,THPt
1148,1149.jpg,tIs5
1149,1150.jpg,QLwb
1150,1151.jpg,CQPr
1151,1152.jpg,k3Ua
1152,1153.jpg,5sz8
1153,1154.jpg,EVWc
1154,1155.jpg,ZR23
1155,1156.jpg,qy2M
1156,1157.jpg,hrVh
1157,1158.jpg,njCJ
1158,1159.jpg,ADCE
1159,1160.jpg,hxNd
1160,1161.jpg,9qef
1161,1162.jpg,lzRU
1162,1163.jpg,80Yz
1163,1164.jpg,0eBQ
1164,1165.jpg,rLOM
1165,1166.jpg,vwZ2
1166,1167.jpg,Xsn0
1167,1168.jpg,SEUs
1168,1169.jpg,HV0X
1169,1170.jpg,qsYT
1170,1171.jpg,lM7I
1171,1172.jpg,ohi6
1172,1173.jpg,ATpI
1173,1174.jpg,3dmQ
1174,1175.jpg,4knz
1175,1176.jpg,1kyZ
1176,1177.jpg,E0kC
1177,1178.jpg,VOJ2
1178,1179.jpg,uTtV
1179,1180.jpg,oegO
1180,1181.jpg,Ueft
1181,1182.jpg,mjIj
1182,1183.jpg,urTY
1183,1184.jpg,XtZJ
1184,1185.jpg,oXoT
1185,1186.jpg,G911
1186,1187.jpg,DVnn
1187,1188.jpg,7GOT
1188,1189.jpg,9zBV
1189,1190.jpg,kaAN
1190,1191.jpg,fHF3
1191,1192.jpg,yEMc
1192,1193.jpg,jbDT
1193,1194.jpg,gttR
1194,1195.jpg,1r1V
1195,1196.jpg,Jbn1
1196,1197.jpg,7OJa
1197,1198.jpg,7uID
1198,1199.jpg,65w3
1199,1200.jpg,0uj0
1200,1201.jpg,k8UC
1201,1202.jpg,p1li
1202,1203.jpg,cvwR
1203,1204.jpg,ij8l
1204,1205.jpg,KtxU
1205,1206.jpg,bMVb
1206,1207.jpg,29ha
1207,1208.jpg,NmId
1208,1209.jpg,18fe
1209,1210.jpg,ESmn
1210,1211.jpg,rpcb
1211,1212.jpg,8Fv8
1212,1213.jpg,ssRg
1213,1214.jpg,boZF
1214,1215.jpg,3Jsj
1215,1216.jpg,7YLi
1216,1217.jpg,1gXQ
1217,1218.jpg,lvFG
1218,1219.jpg,jtam
1219,1220.jpg,Bi2n
1220,1221.jpg,L1LB
1221,1222.jpg,ahn6
1222,1223.jpg,5wTy
1223,1224.jpg,uZAU
1224,1225.jpg,1aN7
1225,1226.jpg,4pld
1226,1227.jpg,zo7d
1227,1228.jpg,uBYq
1228,1229.jpg,xBVF
1229,1230.jpg,CMRl
1230,1231.jpg,C7AK
1231,1232.jpg,29Hp
1232,1233.jpg,MA8b
1233,1234.jpg,zxXe
1234,1235.jpg,djYW
1235,1236.jpg,eAR7
1236,1237.jpg,tWEe
1237,1238.jpg,weN3
1238,1239.jpg,pXjm
1239,1240.jpg,ypHz
1240,1241.jpg,Y7CT
1241,1242.jpg,dIYY
1242,1243.jpg,Cpe0
1243,1244.jpg,wmSx
1244,1245.jpg,TUNT
1245,1246.jpg,T9jV
1246,1247.jpg,sXyl
1247,1248.jpg,eGid
1248,1249.jpg,2xDN
1249,1250.jpg,X42Y
1250,1251.jpg,srAl
1251,1252.jpg,sRm1
1252,1253.jpg,vD4A
1253,1254.jpg,vpIp
1254,1255.jpg,qOCC
1255,1256.jpg,RTup
1256,1257.jpg,T6xn
1257,1258.jpg,dQ1H
1258,1259.jpg,0Tx2
1259,1260.jpg,BH53
1260,1261.jpg,RvNu
1261,1262.jpg,h6s1
1262,1263.jpg,HmhH
1263,1264.jpg,ITkl
1264,1265.jpg,ZmCo
1265,1266.jpg,Pc9O
1266,1267.jpg,XNPY
1267,1268.jpg,u1hZ
1268,1269.jpg,IgIl
1269,1270.jpg,YkBp
1270,1271.jpg,A6Pf
1271,1272.jpg,GDsI
1272,1273.jpg,pk7u
1273,1274.jpg,uUfK
1274,1275.jpg,wcGX
1275,1276.jpg,y1sF
1276,1277.jpg,vdYT
1277,1278.jpg,nxeu
1278,1279.jpg,zrGZ
1279,1280.jpg,Dgji
1280,1281.jpg,cQJr
1281,1282.jpg,exSB
1282,1283.jpg,pWRH
1283,1284.jpg,ECQt
1284,1285.jpg,gDSK
1285,1286.jpg,2LwA
1286,1287.jpg,fcSG
1287,1288.jpg,UIiR
1288,1289.jpg,Z5ZW
1289,1290.jpg,AhZS
1290,1291.jpg,w5DA
1291,1292.jpg,jirY
1292,1293.jpg,opqV
1293,1294.jpg,bTwV
1294,1295.jpg,FIGw
1295,1296.jpg,9kLU
1296,1297.jpg,usCK
1297,1298.jpg,DCau
1298,1299.jpg,Kfo3
1299,1300.jpg,YEv9
1300,1301.jpg,r8WK
1301,1302.jpg,zb6b
1302,1303.jpg,nMFf
1303,1304.jpg,ALZV
1304,1305.jpg,6VT0
1305,1306.jpg,NApy
1306,1307.jpg,1kpw
1307,1308.jpg,nOgy
1308,1309.jpg,1J96
1309,1310.jpg,FWTB
1310,1311.jpg,1ywT
1311,1312.jpg,FrRS
1312,1313.jpg,JUxK
1313,1314.jpg,xI4e
1314,1315.jpg,9uu2
1315,1316.jpg,n3PN
1316,1317.jpg,mdLQ
1317,1318.jpg,qWGd
1318,1319.jpg,HwcP
1319,1320.jpg,kW7K
1320,1321.jpg,dabN
1321,1322.jpg,hMYV
1322,1323.jpg,G3E1
1323,1324.jpg,SfGJ
1324,1325.jpg,UraY
1325,1326.jpg,FMhX
1326,1327.jpg,hCv1
1327,1328.jpg,BmIZ
1328,1329.jpg,e4Gq
1329,1330.jpg,rIm6
1330,1331.jpg,Hwtc
1331,1332.jpg,M9k8
1332,1333.jpg,4VBx
1333,1334.jpg,dVTS
1334,1335.jpg,P6N7
1335,1336.jpg,YaZQ
1336,1337.jpg,uS3M
1337,1338.jpg,ofJ0
1338,1339.jpg,qYLx
1339,1340.jpg,W7i2
1340,1341.jpg,WFpO
1341,1342.jpg,Gzqr
1342,1343.jpg,UMwR
1343,1344.jpg,qamd
1344,1345.jpg,iul6
1345,1346.jpg,LhjM
1346,1347.jpg,vaL5
1347,1348.jpg,nxCU
1348,1349.jpg,FkQd
1349,1350.jpg,dJNQ
1350,1351.jpg,Wc9i
1351,1352.jpg,0dc9
1352,1353.jpg,st3C
1353,1354.jpg,NyTs
1354,1355.jpg,hSsp
1355,1356.jpg,taRK
1356,1357.jpg,KAk8
1357,1358.jpg,UU3m
1358,1359.jpg,sKmb
1359,1360.jpg,XSJU
1360,1361.jpg,Fbn2
1361,1362.jpg,YZ1C
1362,1363.jpg,GT7N
1363,1364.jpg,JW6c
1364,1365.jpg,sg9H
1365,1366.jpg,gZZ6
1366,1367.jpg,K4n5
1367,1368.jpg,RINX
1368,1369.jpg,maFg
1369,1370.jpg,VEPs
1370,1371.jpg,zGbH
1371,1372.jpg,Fdny
1372,1373.jpg,wO59
1373,1374.jpg,Kc62
1374,1375.jpg,cIq3
1375,1376.jpg,tHEX
1376,1377.jpg,qRYV
1377,1378.jpg,TSFB
1378,1379.jpg,fGWY
1379,1380.jpg,isEY
1380,1381.jpg,Cp47
1381,1382.jpg,77RR
1382,1383.jpg,afiq
1383,1384.jpg,KvHW
1384,1385.jpg,YMX0
1385,1386.jpg,PgTa
1386,1387.jpg,ElYS
1387,1388.jpg,8LSw
1388,1389.jpg,3TSJ
1389,1390.jpg,IEFZ
1390,1391.jpg,FvXK
1391,1392.jpg,FEsH
1392,1393.jpg,PKQc
1393,1394.jpg,NBlZ
1394,1395.jpg,Sw3F
1395,1396.jpg,ayKg
1396,1397.jpg,569l
1397,1398.jpg,V9Q5
1398,1399.jpg,cIpC
1399,1400.jpg,MkzH
1400,1401.jpg,Tzvk
1401,1402.jpg,m8oX
1402,1403.jpg,UMVf
1403,1404.jpg,y4Sr
1404,1405.jpg,64To
1405,1406.jpg,oxc8
1406,1407.jpg,F166
1407,1408.jpg,uob3
1408,1409.jpg,UPmY
1409,1410.jpg,0d7S
1410,1411.jpg,X9I5
1411,1412.jpg,3vjg
1412,1413.jpg,FtyW
1413,1414.jpg,l0HR
1414,1415.jpg,K6Ub
1415,1416.jpg,CqJL
1416,1417.jpg,JYSF
1417,1418.jpg,pb0f
1418,1419.jpg,52tv
1419,1420.jpg,vT8a
1420,1421.jpg,kvFM
1421,1422.jpg,BBqp
1422,1423.jpg,VPxT
1423,1424.jpg,Uya8
1424,1425.jpg,LxJn
1425,1426.jpg,udXX
1426,1427.jpg,TvnI
1427,1428.jpg,mJe2
1428,1429.jpg,w4mM
1429,1430.jpg,50b0
1430,1431.jpg,aMig
1431,1432.jpg,PZjv
1432,1433.jpg,NMeU
1433,1434.jpg,1wvd
1434,1435.jpg,Izzm
1435,1436.jpg,XkxJ
1436,1437.jpg,m4EM
1437,1438.jpg,mfcm
1438,1439.jpg,xE4E
1439,1440.jpg,f9KE
1440,1441.jpg,NZlU
1441,1442.jpg,FXtM
1442,1443.jpg,1G6R
1443,1444.jpg,K4Ys
1444,1445.jpg,Syd5
1445,1446.jpg,j67l
1446,1447.jpg,EliB
1447,1448.jpg,tSM6
1448,1449.jpg,9mTx
1449,1450.jpg,Zo82
1450,1451.jpg,FkHc
1451,1452.jpg,6t2O
1452,1453.jpg,gv7m
1453,1454.jpg,TmbY
1454,1455.jpg,MEFB
1455,1456.jpg,IYQR
1456,1457.jpg,qZas
1457,1458.jpg,iYgv
1458,1459.jpg,4hVw
1459,1460.jpg,dwjz
1460,1461.jpg,Avv3
1461,1462.jpg,g8bE
1462,1463.jpg,a1Oa
1463,1464.jpg,IEc6
1464,1465.jpg,RBIA
1465,1466.jpg,dLy6
1466,1467.jpg,pqYl
1467,1468.jpg,ZLq2
1468,1469.jpg,XYMQ
1469,1470.jpg,wMjj
1470,1471.jpg,1MAJ
1471,1472.jpg,ciGL
1472,1473.jpg,yvkW
1473,1474.jpg,Y7MJ
1474,1475.jpg,fJaJ
1475,1476.jpg,XwsI
1476,1477.jpg,z6xE
1477,1478.jpg,Rn4K
1478,1479.jpg,tpBX
1479,1480.jpg,EvEF
1480,1481.jpg,monC
1481,1482.jpg,Bgaz
1482,1483.jpg,yURV
1483,1484.jpg,DdjK
1484,1485.jpg,jAHX
1485,1486.jpg,QdcE
1486,1487.jpg,GUht
1487,1488.jpg,QCAd
1488,1489.jpg,CrEQ
1489,1490.jpg,Y1sC
1490,1491.jpg,2xe4
1491,1492.jpg,q1OK
1492,1493.jpg,2MdB
1493,1494.jpg,AQ9l
1494,1495.jpg,Xcda
1495,1496.jpg,Qp4X
1496,1497.jpg,CA2U
1497,1498.jpg,qjYe
1498,1499.jpg,35pa
1499,1500.jpg,zcfW
1500,1501.jpg,aSLM
1501,1502.jpg,ecPv
1502,1503.jpg,bvOC
1503,1504.jpg,6bqu
1504,1505.jpg,Pwt0
1505,1506.jpg,NsMD
1506,1507.jpg,SD5Y
1507,1508.jpg,kIiA
1508,1509.jpg,RL25
1509,1510.jpg,XYeb
1510,1511.jpg,mUk6
1511,1512.jpg,JvKg
1512,1513.jpg,4GBd
1513,1514.jpg,HgIh
1514,1515.jpg,xsue
1515,1516.jpg,uAQK
1516,1517.jpg,rCqA
1517,1518.jpg,vZSn
1518,1519.jpg,Dq7L
1519,1520.jpg,FFEz
1520,1521.jpg,avwL
1521,1522.jpg,7H3F
1522,1523.jpg,9WX6
1523,1524.jpg,wDNq
1524,1525.jpg,qn05
1525,1526.jpg,pXlO
1526,1527.jpg,gAjz
1527,1528.jpg,SScF
1528,1529.jpg,O5nA
1529,1530.jpg,JjH6
1530,1531.jpg,XHXH
1531,1532.jpg,Kq3B
1532,1533.jpg,pGij
1533,1534.jpg,nMlm
1534,1535.jpg,hQ6Y
1535,1536.jpg,quMG
1536,1537.jpg,G6Ww
1537,1538.jpg,r60t
1538,1539.jpg,BAfA
1539,1540.jpg,CNmI
1540,1541.jpg,nA8i
1541,1542.jpg,eO0l
1542,1543.jpg,7A0y
1543,1544.jpg,pquw
1544,1545.jpg,hoB4
1545,1546.jpg,elVO
1546,1547.jpg,b3Sv
1547,1548.jpg,Dtaj
1548,1549.jpg,quls
1549,1550.jpg,friB
1550,1551.jpg,3CGj
1551,1552.jpg,dOmL
1552,1553.jpg,lJQO
1553,1554.jpg,ApfE
1554,1555.jpg,CVXX
1555,1556.jpg,sVV6
1556,1557.jpg,VVyC
1557,1558.jpg,xW2R
1558,1559.jpg,U6ol
1559,1560.jpg,yLbn
1560,1561.jpg,Rykm
1561,1562.jpg,OZFW
1562,1563.jpg,rQy4
1563,1564.jpg,k6HV
1564,1565.jpg,bYxf
1565,1566.jpg,tuDy
1566,1567.jpg,8brT
1567,1568.jpg,niX8
1568,1569.jpg,NTZY
1569,1570.jpg,gcPN
1570,1571.jpg,ZI5p
1571,1572.jpg,kFcD
1572,1573.jpg,x1ON
1573,1574.jpg,cKq5
1574,1575.jpg,ZFaY
1575,1576.jpg,KcpO
1576,1577.jpg,gl1B
1577,1578.jpg,dC4A
1578,1579.jpg,6YNN
1579,1580.jpg,SuJZ
1580,1581.jpg,NdXl
1581,1582.jpg,PGt7
1582,1583.jpg,Oh4C
1583,1584.jpg,ltPW
1584,1585.jpg,bAai
1585,1586.jpg,JrAz
1586,1587.jpg,deO6
1587,1588.jpg,DLG2
1588,1589.jpg,dL53
1589,1590.jpg,WvQt
1590,1591.jpg,4eQx
1591,1592.jpg,FD8Z
1592,1593.jpg,MSmb
1593,1594.jpg,bEoe
1594,1595.jpg,MkZG
1595,1596.jpg,6xvT
1596,1597.jpg,6Vm7
1597,1598.jpg,KgiE
1598,1599.jpg,USPX
1599,1600.jpg,yKxc
1600,1601.jpg,AWOS
1601,1602.jpg,qfBC
1602,1603.jpg,4sA6
1603,1604.jpg,7mjj
1604,1605.jpg,kBfU
1605,1606.jpg,qXRm
1606,1607.jpg,UfpV
1607,1608.jpg,OfDV
1608,1609.jpg,ymfZ
1609,1610.jpg,cCFj
1610,1611.jpg,oWJX
1611,1612.jpg,zRCI
1612,1613.jpg,FdNp
1613,1614.jpg,rwQI
1614,1615.jpg,ZGIU
1615,1616.jpg,vU6G
1616,1617.jpg,Ym61
1617,1618.jpg,mjo2
1618,1619.jpg,SVlg
1619,1620.jpg,0Brp
1620,1621.jpg,sgPZ
1621,1622.jpg,cqKY
1622,1623.jpg,ysP1
1623,1624.jpg,B3pU
1624,1625.jpg,zdi8
1625,1626.jpg,6ENx
1626,1627.jpg,OIry
1627,1628.jpg,6Ur9
1628,1629.jpg,E0PG
1629,1630.jpg,Xhjg
1630,1631.jpg,egFa
1631,1632.jpg,GZMc
1632,1633.jpg,0sLC
1633,1634.jpg,jcgs
1634,1635.jpg,Pk20
1635,1636.jpg,u3Tn
1636,1637.jpg,Dipg
1637,1638.jpg,L9Hc
1638,1639.jpg,Apfe
1639,1640.jpg,019M
1640,1641.jpg,J6TV
1641,1642.jpg,UJSI
1642,1643.jpg,fRxL
1643,1644.jpg,DDFU
1644,1645.jpg,QCtk
1645,1646.jpg,ioS5
1646,1647.jpg,osWP
1647,1648.jpg,9JNy
1648,1649.jpg,Aq58
1649,1650.jpg,93Ct
1650,1651.jpg,WKuB
1651,1652.jpg,1Lsu
1652,1653.jpg,G1IK
1653,1654.jpg,G9Hd
1654,1655.jpg,FJor
1655,1656.jpg,LMAj
1656,1657.jpg,5ILV
1657,1658.jpg,N7sD
1658,1659.jpg,prDe
1659,1660.jpg,fCnR
1660,1661.jpg,OPC2
1661,1662.jpg,z9f2
1662,1663.jpg,Var7
1663,1664.jpg,CDAW
1664,1665.jpg,AhcL
1665,1666.jpg,DxkJ
1666,1667.jpg,CaAJ
1667,1668.jpg,NB2Z
1668,1669.jpg,KKTW
1669,1670.jpg,V4yF
1670,1671.jpg,6HVr
1671,1672.jpg,BJqp
1672,1673.jpg,qrFk
1673,1674.jpg,NzK2
1674,1675.jpg,0VxV
1675,1676.jpg,IKJ5
1676,1677.jpg,grno
1677,1678.jpg,CZ3y
1678,1679.jpg,csLy
1679,1680.jpg,2unG
1680,1681.jpg,oazo
1681,1682.jpg,V73X
1682,1683.jpg,w4iA
1683,1684.jpg,1ENl
1684,1685.jpg,7Tfe
1685,1686.jpg,QlSX
1686,1687.jpg,ganH
1687,1688.jpg,j58O
1688,1689.jpg,ZuuQ
1689,1690.jpg,MJIt
1690,1691.jpg,ajhS
1691,1692.jpg,Zbrk
1692,1693.jpg,Ad71
1693,1694.jpg,maBv
1694,1695.jpg,pQzp
1695,1696.jpg,9kvw
1696,1697.jpg,F4iz
1697,1698.jpg,Ys9d
1698,1699.jpg,JTti
1699,1700.jpg,n6BF
1700,1701.jpg,UPGp
1701,1702.jpg,dFFi
1702,1703.jpg,idpr
1703,1704.jpg,qMzO
1704,1705.jpg,ehf9
1705,1706.jpg,b0dI
1706,1707.jpg,OxJP
1707,1708.jpg,bPWI
1708,1709.jpg,2QJt
1709,1710.jpg,LIQ2
1710,1711.jpg,Z7YS
1711,1712.jpg,9UkU
1712,1713.jpg,c4A0
1713,1714.jpg,CtXs
1714,1715.jpg,UB0D
1715,1716.jpg,1Gbu
1716,1717.jpg,sI2j
1717,1718.jpg,LP0v
1718,1719.jpg,ef8U
1719,1720.jpg,sDNF
1720,1721.jpg,SdjY
1721,1722.jpg,dphA
1722,1723.jpg,5c0o
1723,1724.jpg,6eTB
1724,1725.jpg,zf7p
1725,1726.jpg,6AyK
1726,1727.jpg,cuP8
1727,1728.jpg,uNvB
1728,1729.jpg,hKyU
1729,1730.jpg,leFU
1730,1731.jpg,U6JZ
1731,1732.jpg,wZ7n
1732,1733.jpg,kP8b
1733,1734.jpg,9ntR
1734,1735.jpg,DH3A
1735,1736.jpg,lhOX
1736,1737.jpg,AVgf
1737,1738.jpg,qIZn
1738,1739.jpg,NRCt
1739,1740.jpg,P7Gc
1740,1741.jpg,iqVw
1741,1742.jpg,HAsM
1742,1743.jpg,fRFC
1743,1744.jpg,CW0a
1744,1745.jpg,qlXA
1745,1746.jpg,19cy
1746,1747.jpg,QEtN
1747,1748.jpg,I7FC
1748,1749.jpg,0GT8
1749,1750.jpg,ve18
1750,1751.jpg,B8Fj
1751,1752.jpg,JLFu
1752,1753.jpg,1XMo
1753,1754.jpg,rVuu
1754,1755.jpg,okrl
1755,1756.jpg,Wovx
1756,1757.jpg,VQxW
1757,1758.jpg,mDSB
1758,1759.jpg,uBhY
1759,1760.jpg,r0IW
1760,1761.jpg,SzIL
1761,1762.jpg,nHWD
1762,1763.jpg,DcBI
1763,1764.jpg,SAwJ
1764,1765.jpg,yeqR
1765,1766.jpg,1Pis
1766,1767.jpg,RXjv
1767,1768.jpg,r8It
1768,1769.jpg,yMta
1769,1770.jpg,seLi
1770,1771.jpg,H2vJ
1771,1772.jpg,X7z4
1772,1773.jpg,u5b7
1773,1774.jpg,5ZMv
1774,1775.jpg,VylL
1775,1776.jpg,FvVd
1776,1777.jpg,HLQl
1777,1778.jpg,wFTH
1778,1779.jpg,Bj40
1779,1780.jpg,h16Q
1780,1781.jpg,U8of
1781,1782.jpg,3HUu
1782,1783.jpg,2Gro
1783,1784.jpg,jsbr
1784,1785.jpg,l88v
1785,1786.jpg,aE98
1786,1787.jpg,INUW
1787,1788.jpg,dP8R
1788,1789.jpg,Selh
1789,1790.jpg,zQiT
1790,1791.jpg,qUD7
1791,1792.jpg,o3X7
1792,1793.jpg,Qwdf
1793,1794.jpg,jLid
1794,1795.jpg,PRus
1795,1796.jpg,7aHg
1796,1797.jpg,v0pf
1797,1798.jpg,fekN
1798,1799.jpg,7W4b
1799,1800.jpg,oyGe
1800,1801.jpg,yo1j
1801,1802.jpg,wdqh
1802,1803.jpg,y938
1803,1804.jpg,nvEt
1804,1805.jpg,wAZo
1805,1806.jpg,9YOF
1806,1807.jpg,hvjU
1807,1808.jpg,R5kx
1808,1809.jpg,YdAW
1809,1810.jpg,qswb
1810,1811.jpg,0mus
1811,1812.jpg,mmNW
1812,1813.jpg,12Bg
1813,1814.jpg,eqPQ
1814,1815.jpg,jQ6K
1815,1816.jpg,BOh9
1816,1817.jpg,WbkC
1817,1818.jpg,zPfx
1818,1819.jpg,a3ei
1819,1820.jpg,foWQ
1820,1821.jpg,dMrA
1821,1822.jpg,TziR
1822,1823.jpg,t9tz
1823,1824.jpg,CTy7
1824,1825.jpg,N8ln
1825,1826.jpg,SWOD
1826,1827.jpg,omvO
1827,1828.jpg,Tn8D
1828,1829.jpg,IHr8
1829,1830.jpg,j9zf
1830,1831.jpg,txPh
1831,1832.jpg,ayPC
1832,1833.jpg,NolV
1833,1834.jpg,7OUe
1834,1835.jpg,H0Ax
1835,1836.jpg,w6dY
1836,1837.jpg,6cMn
1837,1838.jpg,ODWh
1838,1839.jpg,8bEt
1839,1840.jpg,dkvl
1840,1841.jpg,Pmnh
1841,1842.jpg,WL77
1842,1843.jpg,wzd3
1843,1844.jpg,nwwb
1844,1845.jpg,m1Qn
1845,1846.jpg,qZj8
1846,1847.jpg,aRXA
1847,1848.jpg,BEp5
1848,1849.jpg,xZ2g
1849,1850.jpg,4nts
1850,1851.jpg,1shu
1851,1852.jpg,HgbT
1852,1853.jpg,mQPd
1853,1854.jpg,clMk
1854,1855.jpg,wmbE
1855,1856.jpg,su87
1856,1857.jpg,Mq0u
1857,1858.jpg,kYLa
1858,1859.jpg,Vj5F
1859,1860.jpg,YgMR
1860,1861.jpg,g2Qq
1861,1862.jpg,X4qU
1862,1863.jpg,N24A
1863,1864.jpg,qzha
1864,1865.jpg,jPWL
1865,1866.jpg,lo6K
1866,1867.jpg,P13X
1867,1868.jpg,PrYI
1868,1869.jpg,eaKT
1869,1870.jpg,mI0E
1870,1871.jpg,uZG6
1871,1872.jpg,hw9R
1872,1873.jpg,wEne
1873,1874.jpg,IgNu
1874,1875.jpg,BwbW
1875,1876.jpg,uw4C
1876,1877.jpg,LesD
1877,1878.jpg,JWO0
1878,1879.jpg,nH6b
1879,1880.jpg,sj3R
1880,1881.jpg,BZ1c
1881,1882.jpg,7n0b
1882,1883.jpg,yyy3
1883,1884.jpg,6NNw
1884,1885.jpg,35LB
1885,1886.jpg,MoNS
1886,1887.jpg,O9bt
1887,1888.jpg,ACaJ
1888,1889.jpg,v8rV
1889,1890.jpg,wyGx
1890,1891.jpg,Nks5
1891,1892.jpg,KApb
1892,1893.jpg,WtqG
1893,1894.jpg,ZRpF
1894,1895.jpg,Sa58
1895,1896.jpg,L203
1896,1897.jpg,dLQR
1897,1898.jpg,6W8J
1898,1899.jpg,P8R3
1899,1900.jpg,69NU
1900,1901.jpg,Jy2Y
1901,1902.jpg,hezu
1902,1903.jpg,D7XY
1903,1904.jpg,Xjd6
1904,1905.jpg,AYwE
1905,1906.jpg,iX2y
1906,1907.jpg,UKq4
1907,1908.jpg,D9NJ
1908,1909.jpg,PeXE
1909,1910.jpg,D056
1910,1911.jpg,7SFz
1911,1912.jpg,qm6V
1912,1913.jpg,tf7m
1913,1914.jpg,9MDi
1914,1915.jpg,NseX
1915,1916.jpg,cIp4
1916,1917.jpg,v4Po
1917,1918.jpg,5YsC
1918,1919.jpg,4v5P
1919,1920.jpg,0vHg
1920,1921.jpg,VP8b
1921,1922.jpg,jWAB
1922,1923.jpg,ykMI
1923,1924.jpg,hZmf
1924,1925.jpg,DFeN
1925,1926.jpg,k5tN
1926,1927.jpg,kJiG
1927,1928.jpg,vPwH
1928,1929.jpg,lWOY
1929,1930.jpg,Ez5j
1930,1931.jpg,lBd9
1931,1932.jpg,UUft
1932,1933.jpg,KmD3
1933,1934.jpg,HkYw
1934,1935.jpg,HDsc
1935,1936.jpg,X0Lm
1936,1937.jpg,cYiF
1937,1938.jpg,k4kX
1938,1939.jpg,iKg8
1939,1940.jpg,e3uv
1940,1941.jpg,AAh6
1941,1942.jpg,aahV
1942,1943.jpg,V4wG
1943,1944.jpg,U1dK
1944,1945.jpg,VMPR
1945,1946.jpg,QeL7
1946,1947.jpg,nZPM
1947,1948.jpg,C1hM
1948,1949.jpg,qigJ
1949,1950.jpg,sDlE
1950,1951.jpg,tFYe
1951,1952.jpg,IEJs
1952,1953.jpg,YyLQ
1953,1954.jpg,WOBj
1954,1955.jpg,E2nJ
1955,1956.jpg,evvP
1956,1957.jpg,c64D
1957,1958.jpg,CLLo
1958,1959.jpg,DQIV
1959,1960.jpg,SHSd
1960,1961.jpg,DiuK
1961,1962.jpg,2wov
1962,1963.jpg,MWvb
1963,1964.jpg,7nbC
1964,1965.jpg,9pJN
1965,1966.jpg,3yUJ
1966,1967.jpg,94Vd
1967,1968.jpg,Dafh
1968,1969.jpg,ifss
1969,1970.jpg,E6RL
1970,1971.jpg,er7H
1971,1972.jpg,bmWf
1972,1973.jpg,vD6n
1973,1974.jpg,Bca4
1974,1975.jpg,CXkr
1975,1976.jpg,sgyy
1976,1977.jpg,dSve
1977,1978.jpg,Vnul
1978,1979.jpg,JEi0
1979,1980.jpg,pNuU
1980,1981.jpg,4Dph
1981,1982.jpg,XsWN
1982,1983.jpg,Wskz
1983,1984.jpg,cXMy
1984,1985.jpg,JyLX
1985,1986.jpg,793e
1986,1987.jpg,kQlF
1987,1988.jpg,xcCW
1988,1989.jpg,bnuo
1989,1990.jpg,HP4U
1990,1991.jpg,D1Nv
1991,1992.jpg,Incy
1992,1993.jpg,A7UQ
1993,1994.jpg,mZCL
1994,1995.jpg,K5L8
1995,1996.jpg,SUNS
1996,1997.jpg,ppAJ
1997,1998.jpg,6U8m
1998,1999.jpg,PFOA
1999,2000.jpg,sREW
2000,2001.jpg,ygWA
2001,2002.jpg,ZmTG
2002,2003.jpg,fjAN
2003,2004.jpg,ni2L
2004,2005.jpg,5f0v
2005,2006.jpg,u4JG
2006,2007.jpg,Mfbb
2007,2008.jpg,auLO
2008,2009.jpg,wZ5L
2009,2010.jpg,BATI
2010,2011.jpg,ph5R
2011,2012.jpg,pC2o
2012,2013.jpg,F1wh
2013,2014.jpg,b3aE
2014,2015.jpg,plxH
2015,2016.jpg,1s7G
2016,2017.jpg,vSo1
2017,2018.jpg,s4Lw
2018,2019.jpg,OXMa
2019,2020.jpg,7908
2020,2021.jpg,GLrG
2021,2022.jpg,BPE4
2022,2023.jpg,p9Ox
2023,2024.jpg,TGRo
2024,2025.jpg,eFNg
2025,2026.jpg,FfdY
2026,2027.jpg,FhYs
2027,2028.jpg,8qIh
2028,2029.jpg,6i6I
2029,2030.jpg,fHjq
2030,2031.jpg,83S4
2031,2032.jpg,qElX
2032,2033.jpg,OtaL
2033,2034.jpg,1mf3
2034,2035.jpg,vGlV
2035,2036.jpg,xO6G
2036,2037.jpg,Jiqn
2037,2038.jpg,O73I
2038,2039.jpg,sGcs
2039,2040.jpg,bkF5
2040,2041.jpg,fzT3
2041,2042.jpg,dJcg
2042,2043.jpg,7wnF
2043,2044.jpg,fW5c
2044,2045.jpg,KjZ3
2045,2046.jpg,KTDD
2046,2047.jpg,T90z
2047,2048.jpg,BeIA
2048,2049.jpg,c8UD
2049,2050.jpg,g3yg
2050,2051.jpg,8b0J
2051,2052.jpg,FDWY
2052,2053.jpg,i8R3
2053,2054.jpg,PhSb
2054,2055.jpg,ve5M
2055,2056.jpg,7TE8
2056,2057.jpg,NBYg
2057,2058.jpg,XyJl
2058,2059.jpg,uifH
2059,2060.jpg,8H2z
2060,2061.jpg,8r8J
2061,2062.jpg,uav5
2062,2063.jpg,BPWG
2063,2064.jpg,a7Ed
2064,2065.jpg,8RME
2065,2066.jpg,spTy
2066,2067.jpg,yZr1
2067,2068.jpg,g1Tj
2068,2069.jpg,pOPI
2069,2070.jpg,bxib
2070,2071.jpg,6WWr
2071,2072.jpg,NP0s
2072,2073.jpg,7RqM
2073,2074.jpg,lMok
2074,2075.jpg,QZX6
2075,2076.jpg,fTYK
2076,2077.jpg,VDAr
2077,2078.jpg,U3YC
2078,2079.jpg,gmO2
2079,2080.jpg,eChp
2080,2081.jpg,QWnR
2081,2082.jpg,5WQm
2082,2083.jpg,uDji
2083,2084.jpg,OPGo
2084,2085.jpg,cvVa
2085,2086.jpg,04oj
2086,2087.jpg,L5Hp
2087,2088.jpg,RzjP
2088,2089.jpg,cEt2
2089,2090.jpg,x3t4
2090,2091.jpg,A00Q
2091,2092.jpg,GsEj
2092,2093.jpg,yPPP
2093,2094.jpg,5HIm
2094,2095.jpg,MO0o
2095,2096.jpg,Paot
2096,2097.jpg,BrRq
2097,2098.jpg,L6c2
2098,2099.jpg,15Hk
2099,2100.jpg,C7NH
2100,2101.jpg,t5Og
2101,2102.jpg,7DTT
2102,2103.jpg,mICM
2103,2104.jpg,HdaA
2104,2105.jpg,su5D
2105,2106.jpg,GuHh
2106,2107.jpg,fWcO
2107,2108.jpg,wd8K
2108,2109.jpg,tcCL
2109,2110.jpg,6ykQ
2110,2111.jpg,KYC9
2111,2112.jpg,WbGb
2112,2113.jpg,wN1u
2113,2114.jpg,TqFk
2114,2115.jpg,QNKQ
2115,2116.jpg,uSY5
2116,2117.jpg,T1p6
2117,2118.jpg,5fvS
2118,2119.jpg,gU1t
2119,2120.jpg,Y6qF
2120,2121.jpg,Y9VI
2121,2122.jpg,sT8h
2122,2123.jpg,ExE2
2123,2124.jpg,RQIn
2124,2125.jpg,XjpF
2125,2126.jpg,9aPY
2126,2127.jpg,KHfi
2127,2128.jpg,jDnW
2128,2129.jpg,zltr
2129,2130.jpg,UBob
2130,2131.jpg,pBaK
2131,2132.jpg,ZJg5
2132,2133.jpg,N09Q
2133,2134.jpg,YQqJ
2134,2135.jpg,pnlt
2135,2136.jpg,t708
2136,2137.jpg,8H93
2137,2138.jpg,6hOW
2138,2139.jpg,50cS
2139,2140.jpg,6hFR
2140,2141.jpg,vn6z
2141,2142.jpg,Dsmi
2142,2143.jpg,T6Gm
2143,2144.jpg,2cs4
2144,2145.jpg,oURC
2145,2146.jpg,VOC8
2146,2147.jpg,Np2c
2147,2148.jpg,4TTm
2148,2149.jpg,EZtb
2149,2150.jpg,hbSd
2150,2151.jpg,dlXj
2151,2152.jpg,hyQK
2152,2153.jpg,5TXN
2153,2154.jpg,7swc
2154,2155.jpg,J6SW
2155,2156.jpg,hEtV
2156,2157.jpg,t3Yb
2157,2158.jpg,rbQZ
2158,2159.jpg,PEdk
2159,2160.jpg,GW8s
2160,2161.jpg,7f7r
2161,2162.jpg,wXz0
2162,2163.jpg,ke4Q
2163,2164.jpg,lxQ2
2164,2165.jpg,DMhv
2165,2166.jpg,V0vQ
2166,2167.jpg,YmQB
2167,2168.jpg,r3mo
2168,2169.jpg,mwFn
2169,2170.jpg,rQe5
2170,2171.jpg,mpLa
2171,2172.jpg,1HhS
2172,2173.jpg,LeYC
2173,2174.jpg,3TBr
2174,2175.jpg,BEXp
2175,2176.jpg,noi3
2176,2177.jpg,YtA2
2177,2178.jpg,snQi
2178,2179.jpg,h14u
2179,2180.jpg,ckCc
2180,2181.jpg,ZVWk
2181,2182.jpg,9GbE
2182,2183.jpg,k0jW
2183,2184.jpg,ybTv
2184,2185.jpg,M4LC
2185,2186.jpg,lyL1
2186,2187.jpg,Otw8
2187,2188.jpg,zmQh
2188,2189.jpg,TvfN
2189,2190.jpg,mDJo
2190,2191.jpg,9DPL
2191,2192.jpg,P1SA
2192,2193.jpg,h6at
2193,2194.jpg,FaR8
2194,2195.jpg,2O3v
2195,2196.jpg,Gru7
2196,2197.jpg,evoD
2197,2198.jpg,19RH
2198,2199.jpg,ODZp
2199,2200.jpg,Fhmg
2200,2201.jpg,Upr2
2201,2202.jpg,mIQy
2202,2203.jpg,lg08
2203,2204.jpg,zbR9
2204,2205.jpg,OX1y
2205,2206.jpg,fyHK
2206,2207.jpg,8ZKD
2207,2208.jpg,C8Ou
2208,2209.jpg,rBsa
2209,2210.jpg,DZhg
2210,2211.jpg,8b7k
2211,2212.jpg,xrqR
2212,2213.jpg,DMsU
2213,2214.jpg,l4Vf
2214,2215.jpg,DUjq
2215,2216.jpg,R1vV
2216,2217.jpg,gusq
2217,2218.jpg,bZFL
2218,2219.jpg,frOt
2219,2220.jpg,M5BC
2220,2221.jpg,spWY
2221,2222.jpg,91xO
2222,2223.jpg,wxbB
2223,2224.jpg,80rO
2224,2225.jpg,3xAq
2225,2226.jpg,qe7u
2226,2227.jpg,odbr
2227,2228.jpg,X4TM
2228,2229.jpg,DG62
2229,2230.jpg,LIST
2230,2231.jpg,zFf7
2231,2232.jpg,0bcA
2232,2233.jpg,IKpf
2233,2234.jpg,6ehl
2234,2235.jpg,5BOa
2235,2236.jpg,b2Ub
2236,2237.jpg,QCpy
2237,2238.jpg,uNhK
2238,2239.jpg,oOxf
2239,2240.jpg,35kZ
2240,2241.jpg,6X8L
2241,2242.jpg,YLio
2242,2243.jpg,SxJD
2243,2244.jpg,b3P9
2244,2245.jpg,Rykq
2245,2246.jpg,ZVC7
2246,2247.jpg,jeMz
2247,2248.jpg,nmuq
2248,2249.jpg,iSc6
2249,2250.jpg,Wdta
2250,2251.jpg,0kb8
2251,2252.jpg,lTSZ
2252,2253.jpg,g9FS
2253,2254.jpg,qZED
2254,2255.jpg,T08o
2255,2256.jpg,JZR5
2256,2257.jpg,O3t1
2257,2258.jpg,1W9K
2258,2259.jpg,FSTJ
2259,2260.jpg,8xGE
2260,2261.jpg,YtOS
2261,2262.jpg,mr8C
2262,2263.jpg,Ivkk
2263,2264.jpg,ZA3C
2264,2265.jpg,CLaF
2265,2266.jpg,dgcA
2266,2267.jpg,zezq
2267,2268.jpg,2qwW
2268,2269.jpg,WugR
2269,2270.jpg,qKpV
2270,2271.jpg,FTtP
2271,2272.jpg,iUKL
2272,2273.jpg,BYcV
2273,2274.jpg,r84a
2274,2275.jpg,hOf0
2275,2276.jpg,mvCg
2276,2277.jpg,D7Rz
2277,2278.jpg,Jglo
2278,2279.jpg,SUeu
2279,2280.jpg,T9Wd
2280,2281.jpg,lSbD
2281,2282.jpg,im91
2282,2283.jpg,3LlR
2283,2284.jpg,245P
2284,2285.jpg,ZVFV
2285,2286.jpg,UjxC
2286,2287.jpg,0CqH
2287,2288.jpg,bnVb
2288,2289.jpg,MrrN
2289,2290.jpg,KdBo
2290,2291.jpg,89l2
2291,2292.jpg,oBDy
2292,2293.jpg,8PsC
2293,2294.jpg,DzIr
2294,2295.jpg,W0kf
2295,2296.jpg,aDnK
2296,2297.jpg,a7qB
2297,2298.jpg,ArfA
2298,2299.jpg,txI3
2299,2300.jpg,1pNA
2300,2301.jpg,C7N4
2301,2302.jpg,RSCH
2302,2303.jpg,RLOx
2303,2304.jpg,ZHzV
2304,2305.jpg,sa1q
2305,2306.jpg,D42B
2306,2307.jpg,rKaS
2307,2308.jpg,9Dub
2308,2309.jpg,QfFi
2309,2310.jpg,RgfP
2310,2311.jpg,D90x
2311,2312.jpg,6bVz
2312,2313.jpg,BmU6
2313,2314.jpg,o8ry
2314,2315.jpg,SKtF
2315,2316.jpg,xDKr
2316,2317.jpg,GG1w
2317,2318.jpg,61BN
2318,2319.jpg,NJoE
2319,2320.jpg,xKFQ
2320,2321.jpg,RoXj
2321,2322.jpg,bnTS
2322,2323.jpg,CqCd
2323,2324.jpg,jrwp
2324,2325.jpg,EgLs
2325,2326.jpg,kO47
2326,2327.jpg,ZfIl
2327,2328.jpg,V8UF
2328,2329.jpg,qmjV
2329,2330.jpg,6sHs
2330,2331.jpg,3zfp
2331,2332.jpg,ojYY
2332,2333.jpg,o5qU
2333,2334.jpg,sDRw
2334,2335.jpg,BuVb
2335,2336.jpg,jlKG
2336,2337.jpg,Qtih
2337,2338.jpg,SCcb
2338,2339.jpg,dCTD
2339,2340.jpg,jXOK
2340,2341.jpg,8e8M
2341,2342.jpg,n9Wh
2342,2343.jpg,frrW
2343,2344.jpg,oQr2
2344,2345.jpg,0OkI
2345,2346.jpg,MTVy
2346,2347.jpg,mOvM
2347,2348.jpg,csUv
2348,2349.jpg,cglh
2349,2350.jpg,dyhA
2350,2351.jpg,mLmY
2351,2352.jpg,bO2J
2352,2353.jpg,fa1p
2353,2354.jpg,Mkax
2354,2355.jpg,OMTu
2355,2356.jpg,MzHu
2356,2357.jpg,TtnV
2357,2358.jpg,FSun
2358,2359.jpg,d384
2359,2360.jpg,mzU6
2360,2361.jpg,hIwG
2361,2362.jpg,mmdB
2362,2363.jpg,g5Jb
2363,2364.jpg,hT2j
2364,2365.jpg,LOAZ
2365,2366.jpg,XX7k
2366,2367.jpg,Ycov
2367,2368.jpg,gwys
2368,2369.jpg,dqcM
2369,2370.jpg,k7mC
2370,2371.jpg,P5hD
2371,2372.jpg,EHBK
2372,2373.jpg,nQw4
2373,2374.jpg,V7XK
2374,2375.jpg,nk5Y
2375,2376.jpg,zPzu
2376,2377.jpg,fLe6
2377,2378.jpg,OAh9
2378,2379.jpg,hWFc
2379,2380.jpg,R7yW
2380,2381.jpg,fMkZ
2381,2382.jpg,oF57
2382,2383.jpg,Rxuy
2383,2384.jpg,SqWT
2384,2385.jpg,WBMV
2385,2386.jpg,EsHv
2386,2387.jpg,SpAW
2387,2388.jpg,OlsY
2388,2389.jpg,6eP1
2389,2390.jpg,YojK
2390,2391.jpg,O3dn
2391,2392.jpg,ZpFV
2392,2393.jpg,6Mj1
2393,2394.jpg,pljM
2394,2395.jpg,RQvu
2395,2396.jpg,rHeA
2396,2397.jpg,RH29
2397,2398.jpg,hjqH
2398,2399.jpg,vsBJ
2399,2400.jpg,JM22
2400,2401.jpg,2egC
2401,2402.jpg,1ETQ
2402,2403.jpg,zz1Z
2403,2404.jpg,BrtZ
2404,2405.jpg,3WD4
2405,2406.jpg,QRLd
2406,2407.jpg,vclX
2407,2408.jpg,abg4
2408,2409.jpg,xyVK
2409,2410.jpg,2zfw
2410,2411.jpg,DAes
2411,2412.jpg,8qAP
2412,2413.jpg,zDrE
2413,2414.jpg,JzA1
2414,2415.jpg,U5uE
2415,2416.jpg,TMMu
2416,2417.jpg,PStj
2417,2418.jpg,5W1a
2418,2419.jpg,kJAQ
2419,2420.jpg,6pkC
2420,2421.jpg,XdBM
2421,2422.jpg,fwTV
2422,2423.jpg,b6Z2
2423,2424.jpg,c6wU
2424,2425.jpg,y5fS
2425,2426.jpg,W9is
2426,2427.jpg,DBx9
2427,2428.jpg,YA3W
2428,2429.jpg,efZ6
2429,2430.jpg,y39N
2430,2431.jpg,Y6yY
2431,2432.jpg,1wjv
2432,2433.jpg,W2x8
2433,2434.jpg,H60h
2434,2435.jpg,Sn4a
2435,2436.jpg,1rfD
2436,2437.jpg,oYcR
2437,2438.jpg,5Eka
2438,2439.jpg,mlDs
2439,2440.jpg,Ok4Q
2440,2441.jpg,4ziL
2441,2442.jpg,hyva
2442,2443.jpg,2jKt
2443,2444.jpg,ivv5
2444,2445.jpg,SQAh
2445,2446.jpg,X4p0
2446,2447.jpg,4Jic
2447,2448.jpg,fZ36
2448,2449.jpg,TDpZ
2449,2450.jpg,cJpE
2450,2451.jpg,8pUx
2451,2452.jpg,Lqje
2452,2453.jpg,SD4y
2453,2454.jpg,qdaw
2454,2455.jpg,ooxH
2455,2456.jpg,Y8iD
2456,2457.jpg,57ZV
2457,2458.jpg,GvmC
2458,2459.jpg,3f4y
2459,2460.jpg,irH4
2460,2461.jpg,dwzV
2461,2462.jpg,6d9M
2462,2463.jpg,Bezw
2463,2464.jpg,imQ0
2464,2465.jpg,vPvu
2465,2466.jpg,AEY7
2466,2467.jpg,OZeP
2467,2468.jpg,RPpV
2468,2469.jpg,Qs5L
2469,2470.jpg,vy3y
2470,2471.jpg,T1FJ
2471,2472.jpg,uLO4
2472,2473.jpg,K1MB
2473,2474.jpg,T2VY
2474,2475.jpg,A94H
2475,2476.jpg,WbzX
2476,2477.jpg,Wanx
2477,2478.jpg,GsGh
2478,2479.jpg,2zBg
2479,2480.jpg,SGOM
2480,2481.jpg,OoyZ
2481,2482.jpg,7LPk
2482,2483.jpg,tjCz
2483,2484.jpg,IQkn
2484,2485.jpg,jLfB
2485,2486.jpg,fxN1
2486,2487.jpg,ZEcz
2487,2488.jpg,r2At
2488,2489.jpg,NsQE
2489,2490.jpg,c0ft
2490,2491.jpg,lLig
2491,2492.jpg,ntH7
2492,2493.jpg,QYC4
2493,2494.jpg,lKtb
2494,2495.jpg,Tk1I
2495,2496.jpg,bIYN
2496,2497.jpg,NQvt
2497,2498.jpg,GrCP
2498,2499.jpg,p2kb
2499,2500.jpg,SOeK
2500,2501.jpg,HGRC
2501,2502.jpg,9uYO
2502,2503.jpg,L0kq
2503,2504.jpg,8fi4
2504,2505.jpg,fKiH
2505,2506.jpg,vrBQ
2506,2507.jpg,CZB7
2507,2508.jpg,gwjF
2508,2509.jpg,lIae
2509,2510.jpg,wX5e
2510,2511.jpg,BwIf
2511,2512.jpg,YrkY
2512,2513.jpg,fhcs
2513,2514.jpg,0sRM
2514,2515.jpg,CAZK
2515,2516.jpg,9DL7
2516,2517.jpg,aMvE
2517,2518.jpg,AZiO
2518,2519.jpg,oa2n
2519,2520.jpg,FcBJ
2520,2521.jpg,tiUh
2521,2522.jpg,MuLi
2522,2523.jpg,rjda
2523,2524.jpg,i9WY
2524,2525.jpg,Z33n
2525,2526.jpg,aq3g
2526,2527.jpg,rvti
2527,2528.jpg,qc7X
2528,2529.jpg,dty0
2529,2530.jpg,t8PE
2530,2531.jpg,sUIV
2531,2532.jpg,c3IT
2532,2533.jpg,iy36
2533,2534.jpg,KW57
2534,2535.jpg,Whlm
2535,2536.jpg,v3hR
2536,2537.jpg,UqM1
2537,2538.jpg,eTew
2538,2539.jpg,tZE7
2539,2540.jpg,K7wi
2540,2541.jpg,kOe3
2541,2542.jpg,BIZQ
2542,2543.jpg,HZ63
2543,2544.jpg,Fuyk
2544,2545.jpg,W9zv
2545,2546.jpg,v7ez
2546,2547.jpg,Xxfe
2547,2548.jpg,i9mh
2548,2549.jpg,YvQF
2549,2550.jpg,nQeL
2550,2551.jpg,EN7O
2551,2552.jpg,ZBk4
2552,2553.jpg,O9vN
2553,2554.jpg,jO9A
2554,2555.jpg,oecp
2555,2556.jpg,7Lkf
2556,2557.jpg,pl1Q
2557,2558.jpg,rjFV
2558,2559.jpg,B99D
2559,2560.jpg,rWGf
2560,2561.jpg,CDOG
2561,2562.jpg,aDte
2562,2563.jpg,TRyB
2563,2564.jpg,X8JX
2564,2565.jpg,Hwu5
2565,2566.jpg,Gtri
2566,2567.jpg,ILT7
2567,2568.jpg,RmAM
2568,2569.jpg,uqHA
2569,2570.jpg,faPv
2570,2571.jpg,uYsU
2571,2572.jpg,9kU7
2572,2573.jpg,RcJY
2573,2574.jpg,W5w9
2574,2575.jpg,PzbI
2575,2576.jpg,iNDF
2576,2577.jpg,f0pM
2577,2578.jpg,w6kE
2578,2579.jpg,1uug
2579,2580.jpg,I8fQ
2580,2581.jpg,IlAw
2581,2582.jpg,XETQ
2582,2583.jpg,91kC
2583,2584.jpg,oK5n
2584,2585.jpg,9hjw
2585,2586.jpg,PojM
2586,2587.jpg,QLwc
2587,2588.jpg,5KcH
2588,2589.jpg,AyfU
2589,2590.jpg,vSS0
2590,2591.jpg,umPI
2591,2592.jpg,0a3y
2592,2593.jpg,KrfH
2593,2594.jpg,827j
2594,2595.jpg,dr2o
2595,2596.jpg,N2iR
2596,2597.jpg,KI0K
2597,2598.jpg,VBIF
2598,2599.jpg,Swu7
2599,2600.jpg,QEpm
2600,2601.jpg,gBfR
2601,2602.jpg,Ab5a
2602,2603.jpg,knMi
2603,2604.jpg,XT7h
2604,2605.jpg,h9l6
2605,2606.jpg,0RA5
2606,2607.jpg,Ltbj
2607,2608.jpg,5F5e
2608,2609.jpg,iK0L
2609,2610.jpg,qLNs
2610,2611.jpg,PZjj
2611,2612.jpg,XVOJ
2612,2613.jpg,x2cd
2613,2614.jpg,nJ3R
2614,2615.jpg,iZt2
2615,2616.jpg,IiHv
2616,2617.jpg,zbJO
2617,2618.jpg,pyTE
2618,2619.jpg,egfB
2619,2620.jpg,0r5E
2620,2621.jpg,yhkl
2621,2622.jpg,6yna
2622,2623.jpg,h8MU
2623,2624.jpg,6aLZ
2624,2625.jpg,WfXM
2625,2626.jpg,zCGn
2626,2627.jpg,eoUg
2627,2628.jpg,ltN1
2628,2629.jpg,OzoB
2629,2630.jpg,8IId
2630,2631.jpg,oCJQ
2631,2632.jpg,zkb1
2632,2633.jpg,1JC7
2633,2634.jpg,cfKq
2634,2635.jpg,vKbK
2635,2636.jpg,UwuN
2636,2637.jpg,VPQS
2637,2638.jpg,daOp
2638,2639.jpg,lWTR
2639,2640.jpg,Xakf
2640,2641.jpg,BtLG
2641,2642.jpg,s59b
2642,2643.jpg,2apt
2643,2644.jpg,VZA4
2644,2645.jpg,qRSq
2645,2646.jpg,usoN
2646,2647.jpg,G1T5
2647,2648.jpg,v58W
2648,2649.jpg,HsD5
2649,2650.jpg,Atm3
2650,2651.jpg,DnEJ
2651,2652.jpg,fGAL
2652,2653.jpg,xFIp
2653,2654.jpg,ws1C
2654,2655.jpg,9yPf
2655,2656.jpg,3Cw0
2656,2657.jpg,pGnw
2657,2658.jpg,3KWl
2658,2659.jpg,sMJT
2659,2660.jpg,Ykka
2660,2661.jpg,DQy6
2661,2662.jpg,Xt0Y
2662,2663.jpg,ZBdR
2663,2664.jpg,J8cx
2664,2665.jpg,f26D
2665,2666.jpg,7a28
2666,2667.jpg,0SzJ
2667,2668.jpg,lNgk
2668,2669.jpg,78pR
2669,2670.jpg,Sp8o
2670,2671.jpg,iH5y
2671,2672.jpg,j9b2
2672,2673.jpg,1miS
2673,2674.jpg,u3qJ
2674,2675.jpg,GPJW
2675,2676.jpg,va29
2676,2677.jpg,flWf
2677,2678.jpg,y51S
2678,2679.jpg,P9wz
2679,2680.jpg,skKc
2680,2681.jpg,Y2yu
2681,2682.jpg,zVp8
2682,2683.jpg,VqtZ
2683,2684.jpg,NHdv
2684,2685.jpg,bKgK
2685,2686.jpg,VrZo
2686,2687.jpg,SBud
2687,2688.jpg,M7qy
2688,2689.jpg,WMCS
2689,2690.jpg,yKeU
2690,2691.jpg,3dlZ
2691,2692.jpg,z3Zh
2692,2693.jpg,2veF
2693,2694.jpg,gT2R
2694,2695.jpg,FkUo
2695,2696.jpg,d8in
2696,2697.jpg,kbTs
2697,2698.jpg,zHfn
2698,2699.jpg,eIaI
2699,2700.jpg,ykC9
2700,2701.jpg,B4aq
2701,2702.jpg,gqum
2702,2703.jpg,ZZWM
2703,2704.jpg,KDbE
2704,2705.jpg,Obdc
2705,2706.jpg,kkiO
2706,2707.jpg,HZpX
2707,2708.jpg,p3Ct
2708,2709.jpg,DZ1l
2709,2710.jpg,WY5l
2710,2711.jpg,Jend
2711,2712.jpg,qQra
2712,2713.jpg,k517
2713,2714.jpg,VxWY
2714,2715.jpg,MzV1
2715,2716.jpg,9AYx
2716,2717.jpg,XOtL
2717,2718.jpg,HjsA
2718,2719.jpg,pQCx
2719,2720.jpg,MU42
2720,2721.jpg,eKxh
2721,2722.jpg,ij3r
2722,2723.jpg,L1FX
2723,2724.jpg,xVWQ
2724,2725.jpg,fubp
2725,2726.jpg,4VMI
2726,2727.jpg,YO9H
2727,2728.jpg,bq4k
2728,2729.jpg,CorI
2729,2730.jpg,cIJ9
2730,2731.jpg,RQZG
2731,2732.jpg,YY7e
2732,2733.jpg,p24g
2733,2734.jpg,mzlS
2734,2735.jpg,sgOU
2735,2736.jpg,Hi6X
2736,2737.jpg,0kH1
2737,2738.jpg,RQVr
2738,2739.jpg,qRtu
2739,2740.jpg,6Zdk
2740,2741.jpg,JF1K
2741,2742.jpg,Zcor
2742,2743.jpg,6EqO
2743,2744.jpg,1Gzy
2744,2745.jpg,vOD4
2745,2746.jpg,gpdG
2746,2747.jpg,0EDL
2747,2748.jpg,nfRE
2748,2749.jpg,oni6
2749,2750.jpg,dOd6
2750,2751.jpg,QRBy
2751,2752.jpg,Syqq
2752,2753.jpg,D1pL
2753,2754.jpg,MXca
2754,2755.jpg,47HW
2755,2756.jpg,ZFX7
2756,2757.jpg,w06y
2757,2758.jpg,th39
2758,2759.jpg,u6aN
2759,2760.jpg,Rdgg
2760,2761.jpg,cVu7
2761,2762.jpg,vHSn
2762,2763.jpg,5O1L
2763,2764.jpg,75eU
2764,2765.jpg,yfy9
2765,2766.jpg,DntO
2766,2767.jpg,j4IV
2767,2768.jpg,9sSN
2768,2769.jpg,ELis
2769,2770.jpg,56vj
2770,2771.jpg,m4jI
2771,2772.jpg,y4dF
2772,2773.jpg,MTch
2773,2774.jpg,rM1B
2774,2775.jpg,1y0U
2775,2776.jpg,LmiI
2776,2777.jpg,3bRM
2777,2778.jpg,CiS8
2778,2779.jpg,wvv1
2779,2780.jpg,J7xC
2780,2781.jpg,JttM
2781,2782.jpg,RuVs
2782,2783.jpg,fpsU
2783,2784.jpg,hnrY
2784,2785.jpg,rnqp
2785,2786.jpg,3Jce
2786,2787.jpg,efZX
2787,2788.jpg,KWBg
2788,2789.jpg,wp1T
2789,2790.jpg,LVLL
2790,2791.jpg,z2vM
2791,2792.jpg,3D7r
2792,2793.jpg,zOUY
2793,2794.jpg,3c2i
2794,2795.jpg,ylhc
2795,2796.jpg,I69u
2796,2797.jpg,Jc6J
2797,2798.jpg,f5PG
2798,2799.jpg,xjrd
2799,2800.jpg,yZ6B
2800,2801.jpg,jskc
2801,2802.jpg,wG28
2802,2803.jpg,HWkN
2803,2804.jpg,RmZl
2804,2805.jpg,Xc6O
2805,2806.jpg,SODo
2806,2807.jpg,Q9Mz
2807,2808.jpg,PJhT
2808,2809.jpg,0h09
2809,2810.jpg,P2MF
2810,2811.jpg,y6WK
2811,2812.jpg,JAJn
2812,2813.jpg,lEop
2813,2814.jpg,YV0H
2814,2815.jpg,S0UE
2815,2816.jpg,MQfO
2816,2817.jpg,nRSI
2817,2818.jpg,8yr0
2818,2819.jpg,HSfK
2819,2820.jpg,08xv
2820,2821.jpg,Asv2
2821,2822.jpg,mcow
2822,2823.jpg,jIew
2823,2824.jpg,MXV3
2824,2825.jpg,dKJC
2825,2826.jpg,5D1y
2826,2827.jpg,lehm
2827,2828.jpg,mqNH
2828,2829.jpg,t6xE
2829,2830.jpg,wsFo
2830,2831.jpg,ez3m
2831,2832.jpg,tqQS
2832,2833.jpg,iGUf
2833,2834.jpg,6XNn
2834,2835.jpg,5zvL
2835,2836.jpg,k1Jd
2836,2837.jpg,LzNR
2837,2838.jpg,t6Vz
2838,2839.jpg,FpoQ
2839,2840.jpg,y9zc
2840,2841.jpg,cFs0
2841,2842.jpg,0fi3
2842,2843.jpg,zMJC
2843,2844.jpg,9dLw
2844,2845.jpg,D3Vc
2845,2846.jpg,x828
2846,2847.jpg,LMBr
2847,2848.jpg,e2rz
2848,2849.jpg,8LSw
2849,2850.jpg,cC6o
2850,2851.jpg,2BVX
2851,2852.jpg,sokH
2852,2853.jpg,UJVY
2853,2854.jpg,BvmH
2854,2855.jpg,IbBf
2855,2856.jpg,1Ag3
2856,2857.jpg,DSBA
2857,2858.jpg,a8Tg
2858,2859.jpg,ATZn
2859,2860.jpg,jVlh
2860,2861.jpg,k44J
2861,2862.jpg,c4gY
2862,2863.jpg,CLfB
2863,2864.jpg,HHec
2864,2865.jpg,H9zz
2865,2866.jpg,k7AK
2866,2867.jpg,tbEW
2867,2868.jpg,z4PX
2868,2869.jpg,BULd
2869,2870.jpg,BtDh
2870,2871.jpg,UW3H
2871,2872.jpg,XEsr
2872,2873.jpg,HTzx
2873,2874.jpg,RyWA
2874,2875.jpg,LJBE
2875,2876.jpg,uyeV
2876,2877.jpg,ArcY
2877,2878.jpg,i1MN
2878,2879.jpg,6QeB
2879,2880.jpg,dVT1
2880,2881.jpg,8aAR
2881,2882.jpg,HaOT
2882,2883.jpg,cteD
2883,2884.jpg,Mo3I
2884,2885.jpg,7qXV
2885,2886.jpg,5qpH
2886,2887.jpg,PyRE
2887,2888.jpg,HTYu
2888,2889.jpg,j693
2889,2890.jpg,LcVH
2890,2891.jpg,LUaH
2891,2892.jpg,VfuL
2892,2893.jpg,aFhg
2893,2894.jpg,S29m
2894,2895.jpg,eFiM
2895,2896.jpg,74JI
2896,2897.jpg,Sc15
2897,2898.jpg,Q8n2
2898,2899.jpg,1phs
2899,2900.jpg,pWQu
2900,2901.jpg,JOj3
2901,2902.jpg,MzjW
2902,2903.jpg,mJBg
2903,2904.jpg,L6FB
2904,2905.jpg,ezEB
2905,2906.jpg,JM7R
2906,2907.jpg,nqio
2907,2908.jpg,XA0g
2908,2909.jpg,xbAC
2909,2910.jpg,JdwH
2910,2911.jpg,31Pq
2911,2912.jpg,XhSp
2912,2913.jpg,kUww
2913,2914.jpg,g32Z
2914,2915.jpg,1DDT
2915,2916.jpg,GFYA
2916,2917.jpg,HFSr
2917,2918.jpg,iQx7
2918,2919.jpg,UlRo
2919,2920.jpg,vldO
2920,2921.jpg,XSw6
2921,2922.jpg,diHB
2922,2923.jpg,Euq8
2923,2924.jpg,Mf7f
2924,2925.jpg,ToMs
2925,2926.jpg,1O7J
2926,2927.jpg,nulc
2927,2928.jpg,Z1Zs
2928,2929.jpg,uPk0
2929,2930.jpg,zxrG
2930,2931.jpg,ewA5
2931,2932.jpg,yCjA
2932,2933.jpg,KObH
2933,2934.jpg,ios0
2934,2935.jpg,nDXv
2935,2936.jpg,OjM8
2936,2937.jpg,AJun
2937,2938.jpg,cRIP
2938,2939.jpg,ueel
2939,2940.jpg,iU6a
2940,2941.jpg,jbcx
2941,2942.jpg,WGt1
2942,2943.jpg,z6sv
2943,2944.jpg,t5V8
2944,2945.jpg,GuHG
2945,2946.jpg,MZN9
2946,2947.jpg,wSPa
2947,2948.jpg,dnvy
2948,2949.jpg,f5Uq
2949,2950.jpg,ka6r
2950,2951.jpg,eGN6
2951,2952.jpg,N7Ys
2952,2953.jpg,dyfB
2953,2954.jpg,4G1b
2954,2955.jpg,HMOv
2955,2956.jpg,2wd7
2956,2957.jpg,bYUc
2957,2958.jpg,irFy
2958,2959.jpg,s3cE
2959,2960.jpg,0mYn
2960,2961.jpg,DoPx
2961,2962.jpg,5z7J
2962,2963.jpg,ADj8
2963,2964.jpg,VNRF
2964,2965.jpg,JBq3
2965,2966.jpg,hPeo
2966,2967.jpg,LK96
2967,2968.jpg,rUkh
2968,2969.jpg,QlbN
2969,2970.jpg,5US9
2970,2971.jpg,bXi6
2971,2972.jpg,ZUCp
2972,2973.jpg,fhcj
2973,2974.jpg,sFea
2974,2975.jpg,RXgu
2975,2976.jpg,b9ho
2976,2977.jpg,cayC
2977,2978.jpg,TGkb
2978,2979.jpg,QdiN
2979,2980.jpg,k0xt
2980,2981.jpg,0Bxb
2981,2982.jpg,7l6R
2982,2983.jpg,CM9E
2983,2984.jpg,9krn
2984,2985.jpg,8GrJ
2985,2986.jpg,yZxV
2986,2987.jpg,pbSj
2987,2988.jpg,O7XL
2988,2989.jpg,cqEt
2989,2990.jpg,8bTk
2990,2991.jpg,5Q64
2991,2992.jpg,XtIa
2992,2993.jpg,ESuJ
2993,2994.jpg,shFu
2994,2995.jpg,IWhX
2995,2996.jpg,rWei
2996,2997.jpg,6WvB
2997,2998.jpg,eTu6
2998,2999.jpg,TB9I
2999,3000.jpg,KXzt
3000,3001.jpg,AshH
3001,3002.jpg,shWj
3002,3003.jpg,rnVH
3003,3004.jpg,cQBs
3004,3005.jpg,5DGS
3005,3006.jpg,sNNU
3006,3007.jpg,Vfzj
3007,3008.jpg,HyU4
3008,3009.jpg,IQ46
3009,3010.jpg,ZxwD
3010,3011.jpg,zTlA
3011,3012.jpg,2A7m
3012,3013.jpg,uSao
3013,3014.jpg,qWrN
3014,3015.jpg,YMxM
3015,3016.jpg,S1Sx
3016,3017.jpg,HUY3
3017,3018.jpg,aF9G
3018,3019.jpg,E3hy
3019,3020.jpg,dFjc
3020,3021.jpg,C1PB
3021,3022.jpg,AWc1
3022,3023.jpg,zgOM
3023,3024.jpg,YyoO
3024,3025.jpg,dPGY
3025,3026.jpg,XwaD
3026,3027.jpg,w5jV
3027,3028.jpg,qWRl
3028,3029.jpg,KblU
3029,3030.jpg,ZVVt
3030,3031.jpg,LXBU
3031,3032.jpg,eQRA
3032,3033.jpg,CAWu
3033,3034.jpg,yv03
3034,3035.jpg,egNU
3035,3036.jpg,7TT9
3036,3037.jpg,e3HH
3037,3038.jpg,YjOb
3038,3039.jpg,Zijx
3039,3040.jpg,Abt2
3040,3041.jpg,EyG1
3041,3042.jpg,QdB0
3042,3043.jpg,41ro
3043,3044.jpg,8rl3
3044,3045.jpg,f6SG
3045,3046.jpg,2h5l
3046,3047.jpg,fbud
3047,3048.jpg,TLL9
3048,3049.jpg,WjyU
3049,3050.jpg,ZWkR
3050,3051.jpg,IFxf
3051,3052.jpg,npA1
3052,3053.jpg,AoCv
3053,3054.jpg,QUmP
3054,3055.jpg,SUql
3055,3056.jpg,eiml
3056,3057.jpg,whU4
3057,3058.jpg,wdJE
3058,3059.jpg,ZFpn
3059,3060.jpg,Ykfq
3060,3061.jpg,alyB
3061,3062.jpg,Meip
3062,3063.jpg,bnvq
3063,3064.jpg,O4Ff
3064,3065.jpg,37B6
3065,3066.jpg,jtX1
3066,3067.jpg,ql5G
3067,3068.jpg,sBXV
3068,3069.jpg,bjGz
3069,3070.jpg,Tf48
3070,3071.jpg,h3D3
3071,3072.jpg,iQtk
3072,3073.jpg,FREn
3073,3074.jpg,Hv0o
3074,3075.jpg,ROYQ
3075,3076.jpg,D7Qk
3076,3077.jpg,WGhR
3077,3078.jpg,izTa
3078,3079.jpg,QFyG
3079,3080.jpg,dVZp
3080,3081.jpg,hRJA
3081,3082.jpg,D4RY
3082,3083.jpg,icaX
3083,3084.jpg,X0uG
3084,3085.jpg,t3e9
3085,3086.jpg,6icF
3086,3087.jpg,SkWR
3087,3088.jpg,FDfa
3088,3089.jpg,V9yS
3089,3090.jpg,vH4B
3090,3091.jpg,BVL5
3091,3092.jpg,2zOv
3092,3093.jpg,RZF7
3093,3094.jpg,8GuY
3094,3095.jpg,kTrK
3095,3096.jpg,mVfu
3096,3097.jpg,uDa3
3097,3098.jpg,TBuD
3098,3099.jpg,5Xyd
3099,3100.jpg,5Pum
3100,3101.jpg,aKTM
3101,3102.jpg,KO60
3102,3103.jpg,da82
3103,3104.jpg,dfbq
3104,3105.jpg,eZTu
3105,3106.jpg,1VNf
3106,3107.jpg,j5hf
3107,3108.jpg,SFr2
3108,3109.jpg,Bchq
3109,3110.jpg,sW8S
3110,3111.jpg,nZ8q
3111,3112.jpg,y8I9
3112,3113.jpg,b6FB
3113,3114.jpg,7Q33
3114,3115.jpg,C8yc
3115,3116.jpg,RGdJ
3116,3117.jpg,vzXi
3117,3118.jpg,RzWY
3118,3119.jpg,mcyZ
3119,3120.jpg,5mpy
3120,3121.jpg,AcYH
3121,3122.jpg,r7ZY
3122,3123.jpg,neuS
3123,3124.jpg,DfZU
3124,3125.jpg,TMW6
3125,3126.jpg,0FO1
3126,3127.jpg,YJkl
3127,3128.jpg,ji7E
3128,3129.jpg,Hv3f
3129,3130.jpg,n2dj
3130,3131.jpg,B0Ns
3131,3132.jpg,8Kfc
3132,3133.jpg,24Bi
3133,3134.jpg,a1rs
3134,3135.jpg,U7FS
3135,3136.jpg,DyvL
3136,3137.jpg,vT6v
3137,3138.jpg,GONf
3138,3139.jpg,dR1P
3139,3140.jpg,V8zE
3140,3141.jpg,g2Yc
3141,3142.jpg,Qici
3142,3143.jpg,3SgQ
3143,3144.jpg,YVtV
3144,3145.jpg,JIA0
3145,3146.jpg,qGwO
3146,3147.jpg,cxPh
3147,3148.jpg,9RYl
3148,3149.jpg,zPcf
3149,3150.jpg,xlrE
3150,3151.jpg,QMQj
3151,3152.jpg,hPdj
3152,3153.jpg,ddCn
3153,3154.jpg,LVyK
3154,3155.jpg,buW8
3155,3156.jpg,NsMD
3156,3157.jpg,APqa
3157,3158.jpg,9iJU
3158,3159.jpg,OtAU
3159,3160.jpg,7paN
3160,3161.jpg,exx9
3161,3162.jpg,lLli
3162,3163.jpg,w7mR
3163,3164.jpg,Vl8c
3164,3165.jpg,Jghf
3165,3166.jpg,8olh
3166,3167.jpg,9fdO
3167,3168.jpg,La4x
3168,3169.jpg,LoxD
3169,3170.jpg,FjyN
3170,3171.jpg,wqs7
3171,3172.jpg,P8xU
3172,3173.jpg,laWD
3173,3174.jpg,ifqm
3174,3175.jpg,8uHz
3175,3176.jpg,sdBY
3176,3177.jpg,nqFg
3177,3178.jpg,Io3n
3178,3179.jpg,GtoQ
3179,3180.jpg,d5XU
3180,3181.jpg,dQjc
3181,3182.jpg,6hcP
3182,3183.jpg,yBTL
3183,3184.jpg,rr0Z
3184,3185.jpg,tPgF
3185,3186.jpg,F5Ts
3186,3187.jpg,JpXe
3187,3188.jpg,zGZ0
3188,3189.jpg,2utr
3189,3190.jpg,PpDi
3190,3191.jpg,7Thl
3191,3192.jpg,bbb1
3192,3193.jpg,YMTm
3193,3194.jpg,0z0M
3194,3195.jpg,99ra
3195,3196.jpg,s8OY
3196,3197.jpg,0ZlG
3197,3198.jpg,VES1
3198,3199.jpg,GuwA
3199,3200.jpg,qtWD
3200,3201.jpg,1DL4
3201,3202.jpg,ZyYq
3202,3203.jpg,9MJz
3203,3204.jpg,GjcF
3204,3205.jpg,B6Z3
3205,3206.jpg,RRXr
3206,3207.jpg,Ee9x
3207,3208.jpg,WNP9
3208,3209.jpg,tFGU
3209,3210.jpg,C3JF
3210,3211.jpg,GEc4
3211,3212.jpg,wjdI
3212,3213.jpg,Pdwy
3213,3214.jpg,K33X
3214,3215.jpg,ojVh
3215,3216.jpg,8h39
3216,3217.jpg,1rZe
3217,3218.jpg,2JDe
3218,3219.jpg,KoP5
3219,3220.jpg,SX8W
3220,3221.jpg,lt4e
3221,3222.jpg,8cne
3222,3223.jpg,zDEC
3223,3224.jpg,kFHB
3224,3225.jpg,iKMC
3225,3226.jpg,6jLc
3226,3227.jpg,Y0Yo
3227,3228.jpg,dKMp
3228,3229.jpg,552a
3229,3230.jpg,DA3Z
3230,3231.jpg,yjg2
3231,3232.jpg,mP1C
3232,3233.jpg,Kyqn
3233,3234.jpg,Tn3O
3234,3235.jpg,D556
3235,3236.jpg,B2vx
3236,3237.jpg,pyfs
3237,3238.jpg,h7Yo
3238,3239.jpg,fTkl
3239,3240.jpg,IbBX
3240,3241.jpg,xd5C
3241,3242.jpg,SDi9
3242,3243.jpg,CdD6
3243,3244.jpg,p83t
3244,3245.jpg,TpwK
3245,3246.jpg,xKuT
3246,3247.jpg,uXFn
3247,3248.jpg,5ExT
3248,3249.jpg,kbUJ
3249,3250.jpg,ro9L
3250,3251.jpg,qq4T
3251,3252.jpg,SR0S
3252,3253.jpg,DdEA
3253,3254.jpg,zd4E
3254,3255.jpg,8q2j
3255,3256.jpg,aQut
3256,3257.jpg,FVU1
3257,3258.jpg,j9aT
3258,3259.jpg,j34u
3259,3260.jpg,ODMY
3260,3261.jpg,PktT
3261,3262.jpg,G9kQ
3262,3263.jpg,o0EH
3263,3264.jpg,FgxJ
3264,3265.jpg,LC54
3265,3266.jpg,lDyz
3266,3267.jpg,feAH
3267,3268.jpg,fb4n
3268,3269.jpg,sGTm
3269,3270.jpg,OsSx
3270,3271.jpg,TfkG
3271,3272.jpg,GTtD
3272,3273.jpg,8pH1
3273,3274.jpg,0YJd
3274,3275.jpg,gm1q
3275,3276.jpg,Vk0m
3276,3277.jpg,BBHr
3277,3278.jpg,tcae
3278,3279.jpg,mYtJ
3279,3280.jpg,L1Cz
3280,3281.jpg,tjFG
3281,3282.jpg,Zb99
3282,3283.jpg,tJnf
3283,3284.jpg,7JXP
3284,3285.jpg,K6Sw
3285,3286.jpg,1OBR
3286,3287.jpg,903a
3287,3288.jpg,tsQO
3288,3289.jpg,2Owp
3289,3290.jpg,04Nw
3290,3291.jpg,V45K
3291,3292.jpg,TQAA
3292,3293.jpg,Clyh
3293,3294.jpg,JLFb
3294,3295.jpg,xtlX
3295,3296.jpg,CTIx
3296,3297.jpg,2nBG
3297,3298.jpg,zt19
3298,3299.jpg,oK4O
3299,3300.jpg,vThw
3300,3301.jpg,WLkP
3301,3302.jpg,XBxZ
3302,3303.jpg,mZk9
3303,3304.jpg,gouq
3304,3305.jpg,12kw
3305,3306.jpg,aKKt
3306,3307.jpg,P52s
3307,3308.jpg,Visu
3308,3309.jpg,3xhP
3309,3310.jpg,pfrT
3310,3311.jpg,Nif8
3311,3312.jpg,kRJO
3312,3313.jpg,GQD7
3313,3314.jpg,6iod
3314,3315.jpg,6T86
3315,3316.jpg,aT57
3316,3317.jpg,bjyL
3317,3318.jpg,CEY8
3318,3319.jpg,AMQV
3319,3320.jpg,jxzz
3320,3321.jpg,oMYb
3321,3322.jpg,drW5
3322,3323.jpg,e3qM
3323,3324.jpg,PMmc
3324,3325.jpg,jmpS
3325,3326.jpg,3ERN
3326,3327.jpg,p2vI
3327,3328.jpg,52gq
3328,3329.jpg,33QX
3329,3330.jpg,G2N6
3330,3331.jpg,62UW
3331,3332.jpg,YLKb
3332,3333.jpg,r5Mt
3333,3334.jpg,mAAS
3334,3335.jpg,0WsX
3335,3336.jpg,pP2d
3336,3337.jpg,BZaO
3337,3338.jpg,b4ow
3338,3339.jpg,EWuI
3339,3340.jpg,MPvm
3340,3341.jpg,MPfY
3341,3342.jpg,AiHD
3342,3343.jpg,yjb0
3343,3344.jpg,jg0H
3344,3345.jpg,F86l
3345,3346.jpg,rZXQ
3346,3347.jpg,9as0
3347,3348.jpg,dr5I
3348,3349.jpg,Hzoy
3349,3350.jpg,NbXZ
3350,3351.jpg,DAy6
3351,3352.jpg,UW9p
3352,3353.jpg,sdjS
3353,3354.jpg,AE1n
3354,3355.jpg,wSij
3355,3356.jpg,DMxe
3356,3357.jpg,wxAs
3357,3358.jpg,GOsp
3358,3359.jpg,pEfF
3359,3360.jpg,DWbh
3360,3361.jpg,Q2su
3361,3362.jpg,DY7h
3362,3363.jpg,WjVg
3363,3364.jpg,h0EP
3364,3365.jpg,Rk37
3365,3366.jpg,quH5
3366,3367.jpg,xy5U
3367,3368.jpg,ep3o
3368,3369.jpg,bU8s
3369,3370.jpg,icR0
3370,3371.jpg,UMY3
3371,3372.jpg,cSjE
3372,3373.jpg,eHOR
3373,3374.jpg,jAqn
3374,3375.jpg,JgyX
3375,3376.jpg,PrXD
3376,3377.jpg,Lr2V
3377,3378.jpg,xlyO
3378,3379.jpg,4P1s
3379,3380.jpg,AJZy
3380,3381.jpg,O33Y
3381,3382.jpg,7ex1
3382,3383.jpg,MFuP
3383,3384.jpg,mn0y
3384,3385.jpg,e863
3385,3386.jpg,OkJK
3386,3387.jpg,FTMg
3387,3388.jpg,pDjp
3388,3389.jpg,FMkY
3389,3390.jpg,G8rZ
3390,3391.jpg,mKNv
3391,3392.jpg,yHpd
3392,3393.jpg,vOYK
3393,3394.jpg,Yw6U
3394,3395.jpg,ftgR
3395,3396.jpg,cNNN
3396,3397.jpg,NP0S
3397,3398.jpg,eKng
3398,3399.jpg,cJC0
3399,3400.jpg,opI5
3400,3401.jpg,HzVv
3401,3402.jpg,jXfa
3402,3403.jpg,owKa
3403,3404.jpg,fxOd
3404,3405.jpg,hIXY
3405,3406.jpg,sd3v
3406,3407.jpg,w81V
3407,3408.jpg,G3Gn
3408,3409.jpg,pS6I
3409,3410.jpg,G0A9
3410,3411.jpg,EJWs
3411,3412.jpg,dBkz
3412,3413.jpg,IpHi
3413,3414.jpg,ZWG5
3414,3415.jpg,x7Z9
3415,3416.jpg,KTQu
3416,3417.jpg,SaiO
3417,3418.jpg,8nKK
3418,3419.jpg,SzvN
3419,3420.jpg,BAZN
3420,3421.jpg,bryy
3421,3422.jpg,MsTf
3422,3423.jpg,shXf
3423,3424.jpg,sCeO
3424,3425.jpg,FfkK
3425,3426.jpg,SjcR
3426,3427.jpg,3Idl
3427,3428.jpg,zQVN
3428,3429.jpg,0Hnl
3429,3430.jpg,UfE4
3430,3431.jpg,2gjI
3431,3432.jpg,XFS9
3432,3433.jpg,27bY
3433,3434.jpg,ZHlm
3434,3435.jpg,fEPY
3435,3436.jpg,SPJp
3436,3437.jpg,uDfS
3437,3438.jpg,C79U
3438,3439.jpg,OJ5f
3439,3440.jpg,2Qgl
3440,3441.jpg,BkgQ
3441,3442.jpg,9ziL
3442,3443.jpg,Iron
3443,3444.jpg,ipT0
3444,3445.jpg,NoFM
3445,3446.jpg,CStL
3446,3447.jpg,PeWE
3447,3448.jpg,qao4
3448,3449.jpg,2y8V
3449,3450.jpg,pqQX
3450,3451.jpg,mj0c
3451,3452.jpg,oFz0
3452,3453.jpg,kn6K
3453,3454.jpg,rmej
3454,3455.jpg,dxU6
3455,3456.jpg,oARZ
3456,3457.jpg,IxN2
3457,3458.jpg,hYnU
3458,3459.jpg,aAo0
3459,3460.jpg,gska
3460,3461.jpg,px2H
3461,3462.jpg,gBRx
3462,3463.jpg,HW6H
3463,3464.jpg,1cwI
3464,3465.jpg,H4i0
3465,3466.jpg,UjgA
3466,3467.jpg,3hCP
3467,3468.jpg,V72P
3468,3469.jpg,PxMW
3469,3470.jpg,mtSs
3470,3471.jpg,onFx
3471,3472.jpg,6SmB
3472,3473.jpg,ljuP
3473,3474.jpg,dyaG
3474,3475.jpg,RSWk
3475,3476.jpg,b1MU
3476,3477.jpg,aYRX
3477,3478.jpg,aGJb
3478,3479.jpg,immD
3479,3480.jpg,xkZp
3480,3481.jpg,RvLD
3481,3482.jpg,pARG
3482,3483.jpg,kshm
3483,3484.jpg,yjdd
3484,3485.jpg,H76l
3485,3486.jpg,FkTR
3486,3487.jpg,qHRN
3487,3488.jpg,fGm4
3488,3489.jpg,Dcru
3489,3490.jpg,sI7W
3490,3491.jpg,v66J
3491,3492.jpg,iHCh
3492,3493.jpg,Wx07
3493,3494.jpg,jkaQ
3494,3495.jpg,euiF
3495,3496.jpg,4ErP
3496,3497.jpg,UQER
3497,3498.jpg,qmUv
3498,3499.jpg,jYOi
3499,3500.jpg,5dqW
3500,3501.jpg,xys7
3501,3502.jpg,Qwtx
3502,3503.jpg,LW03
3503,3504.jpg,3mGR
3504,3505.jpg,XQOi
3505,3506.jpg,LrQw
3506,3507.jpg,Z65Q
3507,3508.jpg,Y454
3508,3509.jpg,Hfey
3509,3510.jpg,kI2J
3510,3511.jpg,610S
3511,3512.jpg,1XeJ
3512,3513.jpg,zY4g
3513,3514.jpg,MGj7
3514,3515.jpg,bOey
3515,3516.jpg,KzN8
3516,3517.jpg,Iuc8
3517,3518.jpg,Io3O
3518,3519.jpg,gZ4p
3519,3520.jpg,eRl5
3520,3521.jpg,YDxS
3521,3522.jpg,xVBL
3522,3523.jpg,TWjE
3523,3524.jpg,1jTK
3524,3525.jpg,tY86
3525,3526.jpg,NXtk
3526,3527.jpg,CtAX
3527,3528.jpg,Sbfc
3528,3529.jpg,4V65
3529,3530.jpg,enxU
3530,3531.jpg,bwOv
3531,3532.jpg,3NCv
3532,3533.jpg,yu3u
3533,3534.jpg,wEzQ
3534,3535.jpg,AZ9n
3535,3536.jpg,nD71
3536,3537.jpg,qdXY
3537,3538.jpg,en7f
3538,3539.jpg,b25D
3539,3540.jpg,cdse
3540,3541.jpg,uoRJ
3541,3542.jpg,KN12
3542,3543.jpg,pEHR
3543,3544.jpg,gcyv
3544,3545.jpg,suFe
3545,3546.jpg,tdvo
3546,3547.jpg,JJ3p
3547,3548.jpg,QJUC
3548,3549.jpg,puUc
3549,3550.jpg,yUUe
3550,3551.jpg,hhY1
3551,3552.jpg,OO87
3552,3553.jpg,l5fA
3553,3554.jpg,452d
3554,3555.jpg,8lIY
3555,3556.jpg,cbiY
3556,3557.jpg,i3uh
3557,3558.jpg,B8ef
3558,3559.jpg,y5A1
3559,3560.jpg,1dm0
3560,3561.jpg,TV70
3561,3562.jpg,ks5O
3562,3563.jpg,2lXn
3563,3564.jpg,QGfm
3564,3565.jpg,M0vo
3565,3566.jpg,y6gA
3566,3567.jpg,YFyg
3567,3568.jpg,wVaO
3568,3569.jpg,mv8B
3569,3570.jpg,zz5r
3570,3571.jpg,4NCK
3571,3572.jpg,9fkg
3572,3573.jpg,ABYb
3573,3574.jpg,Zsr4
3574,3575.jpg,PZZW
3575,3576.jpg,gO9U
3576,3577.jpg,M8ai
3577,3578.jpg,t4va
3578,3579.jpg,YlFe
3579,3580.jpg,DRu6
3580,3581.jpg,YV7K
3581,3582.jpg,xbP6
3582,3583.jpg,ab6k
3583,3584.jpg,HU4E
3584,3585.jpg,khHN
3585,3586.jpg,ROb6
3586,3587.jpg,n8yL
3587,3588.jpg,R6Nd
3588,3589.jpg,F6JJ
3589,3590.jpg,MQEQ
3590,3591.jpg,vsE5
3591,3592.jpg,t67Q
3592,3593.jpg,MwkV
3593,3594.jpg,ITpL
3594,3595.jpg,clwp
3595,3596.jpg,fltM
3596,3597.jpg,yXk2
3597,3598.jpg,75GU
3598,3599.jpg,DBfj
3599,3600.jpg,GcYW
3600,3601.jpg,Iy5P
3601,3602.jpg,0BQC
3602,3603.jpg,RGSJ
3603,3604.jpg,1s9P
3604,3605.jpg,o1dp
3605,3606.jpg,Uh39
3606,3607.jpg,MXSV
3607,3608.jpg,lSzc
3608,3609.jpg,xFLB
3609,3610.jpg,ZSQi
3610,3611.jpg,iNx1
3611,3612.jpg,ZPfY
3612,3613.jpg,sEkP
3613,3614.jpg,b6DX
3614,3615.jpg,Mku5
3615,3616.jpg,eR23
3616,3617.jpg,Dgga
3617,3618.jpg,FwsA
3618,3619.jpg,kb2f
3619,3620.jpg,HCFH
3620,3621.jpg,gdYz
3621,3622.jpg,Ckfi
3622,3623.jpg,Qrea
3623,3624.jpg,Whas
3624,3625.jpg,4oP7
3625,3626.jpg,3T5V
3626,3627.jpg,dgHS
3627,3628.jpg,4aDT
3628,3629.jpg,pSo6
3629,3630.jpg,tJpG
3630,3631.jpg,sZby
3631,3632.jpg,EdDD
3632,3633.jpg,lh1U
3633,3634.jpg,Dtbn
3634,3635.jpg,c9On
3635,3636.jpg,BjAj
3636,3637.jpg,DVic
3637,3638.jpg,4ISj
3638,3639.jpg,ehtW
3639,3640.jpg,FRaH
3640,3641.jpg,bQ1g
3641,3642.jpg,7lp2
3642,3643.jpg,i3Mb
3643,3644.jpg,EwRi
3644,3645.jpg,lQ0N
3645,3646.jpg,TaNE
3646,3647.jpg,rqIh
3647,3648.jpg,NTfw
3648,3649.jpg,aVzf
3649,3650.jpg,Cj36
3650,3651.jpg,nZvc
3651,3652.jpg,gEUE
3652,3653.jpg,iEKN
3653,3654.jpg,mzsI
3654,3655.jpg,kJyP
3655,3656.jpg,nSvB
3656,3657.jpg,GJX4
3657,3658.jpg,SYNh
3658,3659.jpg,rz1b
3659,3660.jpg,7IzX
3660,3661.jpg,2sRM
3661,3662.jpg,2rlz
3662,3663.jpg,ieKT
3663,3664.jpg,WBlh
3664,3665.jpg,5G9o
3665,3666.jpg,ZQG8
3666,3667.jpg,z4G9
3667,3668.jpg,OjHa
3668,3669.jpg,NT8b
3669,3670.jpg,C41v
3670,3671.jpg,8wLP
3671,3672.jpg,1EIy
3672,3673.jpg,YkR0
3673,3674.jpg,s5nx
3674,3675.jpg,5Vbh
3675,3676.jpg,8iqt
3676,3677.jpg,QX04
3677,3678.jpg,uoDt
3678,3679.jpg,xtkI
3679,3680.jpg,GN0o
3680,3681.jpg,w76N
3681,3682.jpg,aMel
3682,3683.jpg,6ENq
3683,3684.jpg,Cq4J
3684,3685.jpg,tzbh
3685,3686.jpg,mDsq
3686,3687.jpg,IYWm
3687,3688.jpg,QOGU
3688,3689.jpg,T9If
3689,3690.jpg,ASRc
3690,3691.jpg,TW2y
3691,3692.jpg,CThM
3692,3693.jpg,K8Sl
3693,3694.jpg,IZrZ
3694,3695.jpg,bUZS
3695,3696.jpg,MZ8q
3696,3697.jpg,gXDc
3697,3698.jpg,61Td
3698,3699.jpg,D3fe
3699,3700.jpg,QYf6
3700,3701.jpg,emBp
3701,3702.jpg,znjW
3702,3703.jpg,pOPm
3703,3704.jpg,DOnF
3704,3705.jpg,QUhO
3705,3706.jpg,BwYk
3706,3707.jpg,WY7M
3707,3708.jpg,4Oyb
3708,3709.jpg,XxlW
3709,3710.jpg,heka
3710,3711.jpg,gpOj
3711,3712.jpg,UCPA
3712,3713.jpg,sUNj
3713,3714.jpg,UrOO
3714,3715.jpg,oiNT
3715,3716.jpg,pWyq
3716,3717.jpg,CKZO
3717,3718.jpg,rGZz
3718,3719.jpg,Pa1w
3719,3720.jpg,CVl0
3720,3721.jpg,Vpdf
3721,3722.jpg,ckPK
3722,3723.jpg,kZCk
3723,3724.jpg,xH3E
3724,3725.jpg,to1M
3725,3726.jpg,AthQ
3726,3727.jpg,msOE
3727,3728.jpg,HhFy
3728,3729.jpg,gF95
3729,3730.jpg,CkC5
3730,3731.jpg,vnDL
3731,3732.jpg,5WBf
3732,3733.jpg,kaUr
3733,3734.jpg,6sXl
3734,3735.jpg,1iCD
3735,3736.jpg,qntu
3736,3737.jpg,Hfcz
3737,3738.jpg,I0ps
3738,3739.jpg,7iti
3739,3740.jpg,l57m
3740,3741.jpg,3Zso
3741,3742.jpg,26rH
3742,3743.jpg,UQ3T
3743,3744.jpg,bDCU
3744,3745.jpg,LKfx
3745,3746.jpg,2adt
3746,3747.jpg,6I5W
3747,3748.jpg,jHYQ
3748,3749.jpg,A3mG
3749,3750.jpg,rP1Q
3750,3751.jpg,X7WM
3751,3752.jpg,haWR
3752,3753.jpg,1GqM
3753,3754.jpg,vIo1
3754,3755.jpg,He8P
3755,3756.jpg,dpzp
3756,3757.jpg,FRnC
3757,3758.jpg,9ovz
3758,3759.jpg,o6Db
3759,3760.jpg,Za9G
3760,3761.jpg,92Zn
3761,3762.jpg,lJtm
3762,3763.jpg,Lbz5
3763,3764.jpg,z85E
3764,3765.jpg,mrp9
3765,3766.jpg,Czzm
3766,3767.jpg,rAdo
3767,3768.jpg,xFEY
3768,3769.jpg,rL9V
3769,3770.jpg,Tmf4
3770,3771.jpg,3lYw
3771,3772.jpg,XkSv
3772,3773.jpg,dokK
3773,3774.jpg,X17h
3774,3775.jpg,IbLQ
3775,3776.jpg,cfLN
3776,3777.jpg,LXT8
3777,3778.jpg,UY0W
3778,3779.jpg,Amxw
3779,3780.jpg,Jfws
3780,3781.jpg,zHqb
3781,3782.jpg,9RDy
3782,3783.jpg,EClp
3783,3784.jpg,U07O
3784,3785.jpg,5efz
3785,3786.jpg,HOWB
3786,3787.jpg,70Gy
3787,3788.jpg,VVOn
3788,3789.jpg,MLdZ
3789,3790.jpg,SOXh
3790,3791.jpg,rUCO
3791,3792.jpg,OW4L
3792,3793.jpg,NZX3
3793,3794.jpg,fnZs
3794,3795.jpg,BVMg
3795,3796.jpg,hm6P
3796,3797.jpg,2cQg
3797,3798.jpg,TIMV
3798,3799.jpg,GRpj
3799,3800.jpg,J4qz
3800,3801.jpg,5i2m
3801,3802.jpg,HiCQ
3802,3803.jpg,waAV
3803,3804.jpg,KgYG
3804,3805.jpg,ThGl
3805,3806.jpg,koaI
3806,3807.jpg,58yw
3807,3808.jpg,Sbox
3808,3809.jpg,qrjr
3809,3810.jpg,tR5n
3810,3811.jpg,hhd7
3811,3812.jpg,sSLH
3812,3813.jpg,vHml
3813,3814.jpg,hW4y
3814,3815.jpg,gI8a
3815,3816.jpg,IOIe
3816,3817.jpg,Z8Hc
3817,3818.jpg,qQRY
3818,3819.jpg,H3Lp
3819,3820.jpg,zte3
3820,3821.jpg,rvz3
3821,3822.jpg,WFGg
3822,3823.jpg,K8IA
3823,3824.jpg,PxXi
3824,3825.jpg,KJ20
3825,3826.jpg,zJRv
3826,3827.jpg,rLye
3827,3828.jpg,nt4d
3828,3829.jpg,cLJN
3829,3830.jpg,MxrA
3830,3831.jpg,uBLW
3831,3832.jpg,93J5
3832,3833.jpg,8O2l
3833,3834.jpg,R46x
3834,3835.jpg,Tlbn
3835,3836.jpg,VWaT
3836,3837.jpg,cFiF
3837,3838.jpg,ySli
3838,3839.jpg,3k3y
3839,3840.jpg,xJUP
3840,3841.jpg,7feg
3841,3842.jpg,WtO9
3842,3843.jpg,qZKK
3843,3844.jpg,DvQl
3844,3845.jpg,ML5V
3845,3846.jpg,bWnJ
3846,3847.jpg,Jcz1
3847,3848.jpg,a5N9
3848,3849.jpg,EOoO
3849,3850.jpg,wJ4W
3850,3851.jpg,h6L6
3851,3852.jpg,cywa
3852,3853.jpg,bx6Q
3853,3854.jpg,XCfY
3854,3855.jpg,ctcI
3855,3856.jpg,Wp9g
3856,3857.jpg,u6HT
3857,3858.jpg,jLZr
3858,3859.jpg,AsGk
3859,3860.jpg,MrRD
3860,3861.jpg,f3rM
3861,3862.jpg,Jrum
3862,3863.jpg,cGfz
3863,3864.jpg,hbUG
3864,3865.jpg,fgDQ
3865,3866.jpg,7cWk
3866,3867.jpg,WxIA
3867,3868.jpg,2Nif
3868,3869.jpg,A11S
3869,3870.jpg,Ydck
3870,3871.jpg,DIjR
3871,3872.jpg,BqCm
3872,3873.jpg,bvkI
3873,3874.jpg,Eakc
3874,3875.jpg,EnZv
3875,3876.jpg,BxdU
3876,3877.jpg,NGj3
3877,3878.jpg,U0LB
3878,3879.jpg,iKBu
3879,3880.jpg,lcj2
3880,3881.jpg,SIGQ
3881,3882.jpg,aLGC
3882,3883.jpg,5j4k
3883,3884.jpg,N21U
3884,3885.jpg,acZM
3885,3886.jpg,3zdJ
3886,3887.jpg,mBxG
3887,3888.jpg,E2kM
3888,3889.jpg,L1Ih
3889,3890.jpg,xrQD
3890,3891.jpg,FV75
3891,3892.jpg,s2HB
3892,3893.jpg,3Afi
3893,3894.jpg,w8eT
3894,3895.jpg,xBWD
3895,3896.jpg,kow0
3896,3897.jpg,gcN3
3897,3898.jpg,LKPN
3898,3899.jpg,Xuy9
3899,3900.jpg,zOTm
3900,3901.jpg,1z5N
3901,3902.jpg,iG6Q
3902,3903.jpg,rmuq
3903,3904.jpg,zJ84
3904,3905.jpg,xNVw
3905,3906.jpg,J24O
3906,3907.jpg,LDcU
3907,3908.jpg,O51C
3908,3909.jpg,hW6Q
3909,3910.jpg,ZruE
3910,3911.jpg,LnNa
3911,3912.jpg,xY6z
3912,3913.jpg,6tTw
3913,3914.jpg,ne8M
3914,3915.jpg,haDI
3915,3916.jpg,DKp3
3916,3917.jpg,GOGy
3917,3918.jpg,5hTK
3918,3919.jpg,EdXG
3919,3920.jpg,R5wm
3920,3921.jpg,MRRj
3921,3922.jpg,AHZV
3922,3923.jpg,CRXt
3923,3924.jpg,F01L
3924,3925.jpg,3S8m
3925,3926.jpg,38Pz
3926,3927.jpg,IrWs
3927,3928.jpg,r2r6
3928,3929.jpg,RP8d
3929,3930.jpg,hAul
3930,3931.jpg,rnpe
3931,3932.jpg,vQBJ
3932,3933.jpg,xEWH
3933,3934.jpg,IfpK
3934,3935.jpg,pKI9
3935,3936.jpg,vyzq
3936,3937.jpg,gdgr
3937,3938.jpg,9v6A
3938,3939.jpg,MUqJ
3939,3940.jpg,2V7P
3940,3941.jpg,lzwr
3941,3942.jpg,Bluy
3942,3943.jpg,uGyZ
3943,3944.jpg,Yf3Y
3944,3945.jpg,OvoY
3945,3946.jpg,C5NL
3946,3947.jpg,I56X
3947,3948.jpg,LT6t
3948,3949.jpg,FPbR
3949,3950.jpg,XONu
3950,3951.jpg,YJLm
3951,3952.jpg,gOD0
3952,3953.jpg,TxE0
3953,3954.jpg,M25l
3954,3955.jpg,lYn9
3955,3956.jpg,9wOT
3956,3957.jpg,ajuz
3957,3958.jpg,EpSw
3958,3959.jpg,xeNS
3959,3960.jpg,Cl6C
3960,3961.jpg,0i4a
3961,3962.jpg,fTsG
3962,3963.jpg,WAVv
3963,3964.jpg,AhOa
3964,3965.jpg,BJug
3965,3966.jpg,NCBH
3966,3967.jpg,9onY
3967,3968.jpg,i9xx
3968,3969.jpg,ifZ6
3969,3970.jpg,qEik
3970,3971.jpg,kdPD
3971,3972.jpg,hC1x
3972,3973.jpg,CLna
3973,3974.jpg,nyCj
3974,3975.jpg,pLfZ
3975,3976.jpg,qT07
3976,3977.jpg,QpmZ
3977,3978.jpg,olQU
3978,3979.jpg,4b2g
3979,3980.jpg,szNU
3980,3981.jpg,vATt
3981,3982.jpg,A3pO
3982,3983.jpg,0kwm
3983,3984.jpg,xScL
3984,3985.jpg,h6UG
3985,3986.jpg,LSJw
3986,3987.jpg,RBZV
3987,3988.jpg,MMzj
3988,3989.jpg,EOXT
3989,3990.jpg,bQix
3990,3991.jpg,KSyY
3991,3992.jpg,Aq2l
3992,3993.jpg,fEDc
3993,3994.jpg,wR5e
3994,3995.jpg,E7dn
3995,3996.jpg,7d4D
3996,3997.jpg,Pvw6
3997,3998.jpg,QXva
3998,3999.jpg,Fj1F
3999,4000.jpg,lLNy
4000,4001.jpg,oBCG
4001,4002.jpg,HFDv
4002,4003.jpg,fHLc
4003,4004.jpg,nADe
4004,4005.jpg,llNo
4005,4006.jpg,555J
4006,4007.jpg,tQo7
4007,4008.jpg,JV7w
4008,4009.jpg,wdQY
4009,4010.jpg,9y3m
4010,4011.jpg,wmY5
4011,4012.jpg,MBx2
4012,4013.jpg,OQKI
4013,4014.jpg,tpVF
4014,4015.jpg,z1s1
4015,4016.jpg,hx0N
4016,4017.jpg,orQ6
4017,4018.jpg,ZJqR
4018,4019.jpg,WG2K
4019,4020.jpg,ggzO
4020,4021.jpg,ocSe
4021,4022.jpg,zpzA
4022,4023.jpg,UmPU
4023,4024.jpg,kqvt
4024,4025.jpg,GzKW
4025,4026.jpg,VGDh
4026,4027.jpg,UpcK
4027,4028.jpg,8E4Y
4028,4029.jpg,hMOy
4029,4030.jpg,uhAB
4030,4031.jpg,a7V7
4031,4032.jpg,GA5H
4032,4033.jpg,AKXa
4033,4034.jpg,APSI
4034,4035.jpg,lzhC
4035,4036.jpg,Or6D
4036,4037.jpg,uMYa
4037,4038.jpg,Q7Ct
4038,4039.jpg,MMem
4039,4040.jpg,fTSd
4040,4041.jpg,IATm
4041,4042.jpg,k4qb
4042,4043.jpg,F9OF
4043,4044.jpg,xGB0
4044,4045.jpg,9hEi
4045,4046.jpg,d2a0
4046,4047.jpg,KfSw
4047,4048.jpg,mA6m
4048,4049.jpg,b05i
4049,4050.jpg,tCJV
4050,4051.jpg,r5dP
4051,4052.jpg,Eh8b
4052,4053.jpg,B67m
4053,4054.jpg,M9GM
4054,4055.jpg,T1CU
4055,4056.jpg,EyMA
4056,4057.jpg,0OSC
4057,4058.jpg,MVg5
4058,4059.jpg,UBmj
4059,4060.jpg,muJn
4060,4061.jpg,81fT
4061,4062.jpg,Zh9x
4062,4063.jpg,GPm0
4063,4064.jpg,zRaP
4064,4065.jpg,h5tc
4065,4066.jpg,AY6y
4066,4067.jpg,bu6Q
4067,4068.jpg,cVam
4068,4069.jpg,ykEV
4069,4070.jpg,yJZg
4070,4071.jpg,i6GO
4071,4072.jpg,FjNo
4072,4073.jpg,ws6W
4073,4074.jpg,C3j1
4074,4075.jpg,NUKK
4075,4076.jpg,8cVE
4076,4077.jpg,sUX7
4077,4078.jpg,sNfy
4078,4079.jpg,lb6s
4079,4080.jpg,0x9W
4080,4081.jpg,Rfyg
4081,4082.jpg,DUzu
4082,4083.jpg,WSfv
4083,4084.jpg,ljvJ
4084,4085.jpg,VowG
4085,4086.jpg,cbEg
4086,4087.jpg,YQqM
4087,4088.jpg,fbfA
4088,4089.jpg,vFbD
4089,4090.jpg,n4tx
4090,4091.jpg,nwTx
4091,4092.jpg,7AH3
4092,4093.jpg,iNXz
4093,4094.jpg,IpZy
4094,4095.jpg,fAj6
4095,4096.jpg,awvX
4096,4097.jpg,MLYu
4097,4098.jpg,gkrz
4098,4099.jpg,Paea
4099,4100.jpg,YLRg
4100,4101.jpg,9Ux7
4101,4102.jpg,aOX0
4102,4103.jpg,VGHh
4103,4104.jpg,V0tN
4104,4105.jpg,AFBJ
4105,4106.jpg,JEQu
4106,4107.jpg,qIiT
4107,4108.jpg,FwOR
4108,4109.jpg,xFsi
4109,4110.jpg,QUeN
4110,4111.jpg,tyqe
4111,4112.jpg,0WtD
4112,4113.jpg,MkBf
4113,4114.jpg,Sf0D
4114,4115.jpg,CoID
4115,4116.jpg,qGdM
4116,4117.jpg,TNms
4117,4118.jpg,dc1d
4118,4119.jpg,IvhR
4119,4120.jpg,mTp5
4120,4121.jpg,0S6m
4121,4122.jpg,21ml
4122,4123.jpg,IHL4
4123,4124.jpg,zMhb
4124,4125.jpg,z4tA
4125,4126.jpg,Zzo7
4126,4127.jpg,jbgz
4127,4128.jpg,m4Yo
4128,4129.jpg,SuaL
4129,4130.jpg,RRCI
4130,4131.jpg,Nv5N
4131,4132.jpg,itnT
4132,4133.jpg,Stuz
4133,4134.jpg,Z6aF
4134,4135.jpg,3HJG
4135,4136.jpg,Hnmq
4136,4137.jpg,bL29
4137,4138.jpg,iXjd
4138,4139.jpg,eq0i
4139,4140.jpg,3VsG
4140,4141.jpg,hLak
4141,4142.jpg,0WVs
4142,4143.jpg,C5Vq
4143,4144.jpg,h3nk
4144,4145.jpg,QQ2s
4145,4146.jpg,LneS
4146,4147.jpg,5Ixk
4147,4148.jpg,FQLG
4148,4149.jpg,hHCX
4149,4150.jpg,deYY
4150,4151.jpg,yaqG
4151,4152.jpg,iQO2
4152,4153.jpg,Xw15
4153,4154.jpg,u4zT
4154,4155.jpg,MwoI
4155,4156.jpg,SNJQ
4156,4157.jpg,X6Pv
4157,4158.jpg,577q
4158,4159.jpg,tV3L
4159,4160.jpg,5Ciu
4160,4161.jpg,NEr0
4161,4162.jpg,CgTb
4162,4163.jpg,egyO
4163,4164.jpg,DAkl
4164,4165.jpg,wFhw
4165,4166.jpg,tZ0d
4166,4167.jpg,L7xV
4167,4168.jpg,aEyo
4168,4169.jpg,PJJZ
4169,4170.jpg,70pc
4170,4171.jpg,HVkX
4171,4172.jpg,CMIu
4172,4173.jpg,BrvM
4173,4174.jpg,aEiO
4174,4175.jpg,KXWO
4175,4176.jpg,78Rd
4176,4177.jpg,wQd5
4177,4178.jpg,UN37
4178,4179.jpg,k9Cm
4179,4180.jpg,eBzn
4180,4181.jpg,HI5y
4181,4182.jpg,KYTc
4182,4183.jpg,94Rg
4183,4184.jpg,Lh2d
4184,4185.jpg,JL6m
4185,4186.jpg,BalD
4186,4187.jpg,CEWY
4187,4188.jpg,Fv0h
4188,4189.jpg,5kAx
4189,4190.jpg,2RTV
4190,4191.jpg,bUDH
4191,4192.jpg,snWp
4192,4193.jpg,9w8i
4193,4194.jpg,bHrV
4194,4195.jpg,PGZD
4195,4196.jpg,2f7X
4196,4197.jpg,WZ8h
4197,4198.jpg,XYUi
4198,4199.jpg,DC0V
4199,4200.jpg,QBwT
4200,4201.jpg,xGkO
4201,4202.jpg,O7bi
4202,4203.jpg,1scK
4203,4204.jpg,ll2s
4204,4205.jpg,FHTX
4205,4206.jpg,C12f
4206,4207.jpg,rZpA
4207,4208.jpg,y9v5
4208,4209.jpg,UAtD
4209,4210.jpg,zKIt
4210,4211.jpg,R6oh
4211,4212.jpg,wok1
4212,4213.jpg,p7Fk
4213,4214.jpg,JZVv
4214,4215.jpg,4EAs
4215,4216.jpg,hZov
4216,4217.jpg,uqS2
4217,4218.jpg,GkvA
4218,4219.jpg,eYcV
4219,4220.jpg,miUJ
4220,4221.jpg,mKnw
4221,4222.jpg,Fjhw
4222,4223.jpg,CnYt
4223,4224.jpg,dBbs
4224,4225.jpg,SZDG
4225,4226.jpg,91Z1
4226,4227.jpg,bBgI
4227,4228.jpg,0VdD
4228,4229.jpg,Jmee
4229,4230.jpg,J3vU
4230,4231.jpg,paZt
4231,4232.jpg,P9ty
4232,4233.jpg,H1ek
4233,4234.jpg,sUDO
4234,4235.jpg,fc0X
4235,4236.jpg,FjkT
4236,4237.jpg,7rOm
4237,4238.jpg,ONrF
4238,4239.jpg,Dqww
4239,4240.jpg,C5Vr
4240,4241.jpg,HtsI
4241,4242.jpg,lYb6
4242,4243.jpg,aJ8j
4243,4244.jpg,J40W
4244,4245.jpg,yM5W
4245,4246.jpg,ru0P
4246,4247.jpg,z3m7
4247,4248.jpg,irwu
4248,4249.jpg,t6Lh
4249,4250.jpg,MQs6
4250,4251.jpg,9Mqx
4251,4252.jpg,LnDd
4252,4253.jpg,GaZy
4253,4254.jpg,2lfd
4254,4255.jpg,9SDJ
4255,4256.jpg,yf7t
4256,4257.jpg,I6w2
4257,4258.jpg,HVkK
4258,4259.jpg,bEQT
4259,4260.jpg,weOE
4260,4261.jpg,Ytuh
4261,4262.jpg,Qw3F
4262,4263.jpg,douI
4263,4264.jpg,S50K
4264,4265.jpg,rfoz
4265,4266.jpg,MIxK
4266,4267.jpg,5ts5
4267,4268.jpg,ZTIb
4268,4269.jpg,eM8t
4269,4270.jpg,ZKfd
4270,4271.jpg,0fXo
4271,4272.jpg,4n5g
4272,4273.jpg,CcZP
4273,4274.jpg,K33Z
4274,4275.jpg,wvLF
4275,4276.jpg,McQh
4276,4277.jpg,sLbC
4277,4278.jpg,34Uu
4278,4279.jpg,m5lz
4279,4280.jpg,H448
4280,4281.jpg,AmFa
4281,4282.jpg,BGxc
4282,4283.jpg,y2a3
4283,4284.jpg,0TIg
4284,4285.jpg,xxER
4285,4286.jpg,XAny
4286,4287.jpg,TA1V
4287,4288.jpg,KEDG
4288,4289.jpg,Cu1m
4289,4290.jpg,tGSt
4290,4291.jpg,LnGb
4291,4292.jpg,G7eq
4292,4293.jpg,cBHx
4293,4294.jpg,LGAD
4294,4295.jpg,pjn3
4295,4296.jpg,kFsD
4296,4297.jpg,h3BZ
4297,4298.jpg,Iseb
4298,4299.jpg,zV5z
4299,4300.jpg,pEVs
4300,4301.jpg,Qwl4
4301,4302.jpg,wMDR
4302,4303.jpg,bYdw
4303,4304.jpg,WyNI
4304,4305.jpg,OshI
4305,4306.jpg,7EOA
4306,4307.jpg,Zk1S
4307,4308.jpg,6ZNV
4308,4309.jpg,rr3T
4309,4310.jpg,K1pJ
4310,4311.jpg,mMda
4311,4312.jpg,dAzs
4312,4313.jpg,jh7f
4313,4314.jpg,c0DH
4314,4315.jpg,JK0T
4315,4316.jpg,zb7a
4316,4317.jpg,zdhK
4317,4318.jpg,A2nC
4318,4319.jpg,ZhIY
4319,4320.jpg,PsNY
4320,4321.jpg,8TjL
4321,4322.jpg,8teH
4322,4323.jpg,WAJp
4323,4324.jpg,5ai8
4324,4325.jpg,vjGR
4325,4326.jpg,jjJo
4326,4327.jpg,evPO
4327,4328.jpg,Usu5
4328,4329.jpg,obsU
4329,4330.jpg,Id9Z
4330,4331.jpg,xC8K
4331,4332.jpg,WXEX
4332,4333.jpg,UqDC
4333,4334.jpg,uzSl
4334,4335.jpg,YTJn
4335,4336.jpg,cZxy
4336,4337.jpg,Hkdd
4337,4338.jpg,vwQy
4338,4339.jpg,7rFF
4339,4340.jpg,3vkv
4340,4341.jpg,aFY2
4341,4342.jpg,SRVd
4342,4343.jpg,nTPL
4343,4344.jpg,4rav
4344,4345.jpg,P2MS
4345,4346.jpg,8nRT
4346,4347.jpg,fxmu
4347,4348.jpg,rrJr
4348,4349.jpg,xCI5
4349,4350.jpg,ktEh
4350,4351.jpg,MpVr
4351,4352.jpg,ENzx
4352,4353.jpg,NvE8
4353,4354.jpg,Eogy
4354,4355.jpg,Ca46
4355,4356.jpg,tAHj
4356,4357.jpg,zG8L
4357,4358.jpg,fmVJ
4358,4359.jpg,8IKQ
4359,4360.jpg,Ctxx
4360,4361.jpg,j6q5
4361,4362.jpg,g2kP
4362,4363.jpg,IS8U
4363,4364.jpg,tja5
4364,4365.jpg,LFIN
4365,4366.jpg,wydY
4366,4367.jpg,8mli
4367,4368.jpg,0A0I
4368,4369.jpg,RQ5e
4369,4370.jpg,bJvR
4370,4371.jpg,lBPh
4371,4372.jpg,s2pW
4372,4373.jpg,MEFW
4373,4374.jpg,J0pv
4374,4375.jpg,N3e9
4375,4376.jpg,Qq5W
4376,4377.jpg,stYk
4377,4378.jpg,0rN8
4378,4379.jpg,7TMk
4379,4380.jpg,tyoT
4380,4381.jpg,wzYa
4381,4382.jpg,yXKd
4382,4383.jpg,biVR
4383,4384.jpg,vlGo
4384,4385.jpg,oe9a
4385,4386.jpg,KHUW
4386,4387.jpg,08ue
4387,4388.jpg,SbSa
4388,4389.jpg,zhJ3
4389,4390.jpg,Vqmn
4390,4391.jpg,e8g8
4391,4392.jpg,erTS
4392,4393.jpg,mRib
4393,4394.jpg,O5NN
4394,4395.jpg,od2I
4395,4396.jpg,EAK2
4396,4397.jpg,EEYp
4397,4398.jpg,wFMN
4398,4399.jpg,QMMI
4399,4400.jpg,WiLI
4400,4401.jpg,Ma7V
4401,4402.jpg,WNIm
4402,4403.jpg,FOz0
4403,4404.jpg,LMKf
4404,4405.jpg,bfkE
4405,4406.jpg,1gay
4406,4407.jpg,1auQ
4407,4408.jpg,UegE
4408,4409.jpg,oPlR
4409,4410.jpg,pIw2
4410,4411.jpg,bWNL
4411,4412.jpg,70T9
4412,4413.jpg,r19H
4413,4414.jpg,0AJ6
4414,4415.jpg,SsD7
4415,4416.jpg,VVvv
4416,4417.jpg,X14g
4417,4418.jpg,wjTQ
4418,4419.jpg,C1u1
4419,4420.jpg,oYyU
4420,4421.jpg,UXxM
4421,4422.jpg,jEvE
4422,4423.jpg,swh9
4423,4424.jpg,Ef9A
4424,4425.jpg,sdsK
4425,4426.jpg,IHxe
4426,4427.jpg,DEkx
4427,4428.jpg,Iv2e
4428,4429.jpg,A5v1
4429,4430.jpg,kyFB
4430,4431.jpg,7lYS
4431,4432.jpg,30VG
4432,4433.jpg,6zbO
4433,4434.jpg,FhC8
4434,4435.jpg,Thbo
4435,4436.jpg,ZSuy
4436,4437.jpg,lv2u
4437,4438.jpg,cVnc
4438,4439.jpg,EBj6
4439,4440.jpg,ovLj
4440,4441.jpg,qXg4
4441,4442.jpg,vOHi
4442,4443.jpg,mlq1
4443,4444.jpg,GlC0
4444,4445.jpg,wCEg
4445,4446.jpg,JwSZ
4446,4447.jpg,fVdc
4447,4448.jpg,7psu
4448,4449.jpg,JTbD
4449,4450.jpg,AvkI
4450,4451.jpg,iLYI
4451,4452.jpg,qYA3
4452,4453.jpg,XLbe
4453,4454.jpg,RKCv
4454,4455.jpg,8aF5
4455,4456.jpg,HJpm
4456,4457.jpg,N84o
4457,4458.jpg,oEfC
4458,4459.jpg,9kcW
4459,4460.jpg,w0BP
4460,4461.jpg,ohPY
4461,4462.jpg,74Xp
4462,4463.jpg,hDXb
4463,4464.jpg,4m8T
4464,4465.jpg,1qON
4465,4466.jpg,ilJI
4466,4467.jpg,0oHS
4467,4468.jpg,Ia5p
4468,4469.jpg,FVPs
4469,4470.jpg,8Eyg
4470,4471.jpg,rYdm
4471,4472.jpg,pmP1
4472,4473.jpg,YalD
4473,4474.jpg,3CJr
4474,4475.jpg,ctLk
4475,4476.jpg,UEM6
4476,4477.jpg,QH50
4477,4478.jpg,DxLN
4478,4479.jpg,JfAx
4479,4480.jpg,Xgjw
4480,4481.jpg,TnCQ
4481,4482.jpg,YbAY
4482,4483.jpg,jO4N
4483,4484.jpg,M90O
4484,4485.jpg,lTQD
4485,4486.jpg,E6XH
4486,4487.jpg,I8Zu
4487,4488.jpg,tXpb
4488,4489.jpg,qqgy
4489,4490.jpg,wkVT
4490,4491.jpg,YUQW
4491,4492.jpg,AyL7
4492,4493.jpg,EOSb
4493,4494.jpg,6CFZ
4494,4495.jpg,YGqN
4495,4496.jpg,p45U
4496,4497.jpg,9NFe
4497,4498.jpg,C86G
4498,4499.jpg,HVuv
4499,4500.jpg,oiBT
4500,4501.jpg,ZgvA
4501,4502.jpg,CFVO
4502,4503.jpg,hpGH
4503,4504.jpg,dBuH
4504,4505.jpg,OE5t
4505,4506.jpg,7nLi
4506,4507.jpg,nRqN
4507,4508.jpg,13a5
4508,4509.jpg,TymP
4509,4510.jpg,92UE
4510,4511.jpg,gZDu
4511,4512.jpg,jKUl
4512,4513.jpg,03YU
4513,4514.jpg,7WzY
4514,4515.jpg,DHH4
4515,4516.jpg,Vzim
4516,4517.jpg,uLPP
4517,4518.jpg,ZKC7
4518,4519.jpg,D4xU
4519,4520.jpg,utbh
4520,4521.jpg,LR8B
4521,4522.jpg,XatN
4522,4523.jpg,yugj
4523,4524.jpg,26py
4524,4525.jpg,WEmT
4525,4526.jpg,EkBo
4526,4527.jpg,77Kc
4527,4528.jpg,0en1
4528,4529.jpg,u7Kh
4529,4530.jpg,lSCm
4530,4531.jpg,ojIZ
4531,4532.jpg,Aw4i
4532,4533.jpg,o6aX
4533,4534.jpg,Mb8I
4534,4535.jpg,e6X7
4535,4536.jpg,xknP
4536,4537.jpg,vr1k
4537,4538.jpg,Emes
4538,4539.jpg,HWIR
4539,4540.jpg,HHNr
4540,4541.jpg,9tjO
4541,4542.jpg,fu6N
4542,4543.jpg,mUhW
4543,4544.jpg,8NTa
4544,4545.jpg,4Mh5
4545,4546.jpg,Mrna
4546,4547.jpg,XVod
4547,4548.jpg,Fn6e
4548,4549.jpg,k8hQ
4549,4550.jpg,8Msn
4550,4551.jpg,Oi98
4551,4552.jpg,DysJ
4552,4553.jpg,sBwI
4553,4554.jpg,NLlv
4554,4555.jpg,QqeK
4555,4556.jpg,9etk
4556,4557.jpg,gFUe
4557,4558.jpg,PAnn
4558,4559.jpg,vxDR
4559,4560.jpg,R8N5
4560,4561.jpg,m3HT
4561,4562.jpg,mOkv
4562,4563.jpg,nc7g
4563,4564.jpg,M4tP
4564,4565.jpg,CWq3
4565,4566.jpg,B0o7
4566,4567.jpg,IXaU
4567,4568.jpg,lvwu
4568,4569.jpg,thwf
4569,4570.jpg,jkDK
4570,4571.jpg,cJQl
4571,4572.jpg,HSrA
4572,4573.jpg,zijI
4573,4574.jpg,gUOU
4574,4575.jpg,yay1
4575,4576.jpg,13O4
4576,4577.jpg,2TyY
4577,4578.jpg,OqQC
4578,4579.jpg,DpCc
4579,4580.jpg,v6iS
4580,4581.jpg,fqzT
4581,4582.jpg,2nPW
4582,4583.jpg,lPQ6
4583,4584.jpg,p5En
4584,4585.jpg,1JBt
4585,4586.jpg,xr27
4586,4587.jpg,l6b6
4587,4588.jpg,ewfb
4588,4589.jpg,uDsx
4589,4590.jpg,MBon
4590,4591.jpg,Hive
4591,4592.jpg,rXmQ
4592,4593.jpg,68go
4593,4594.jpg,0v1m
4594,4595.jpg,qlHI
4595,4596.jpg,z3l8
4596,4597.jpg,WvMI
4597,4598.jpg,Nhrw
4598,4599.jpg,cnve
4599,4600.jpg,tiHT
4600,4601.jpg,TJWr
4601,4602.jpg,nIbf
4602,4603.jpg,lQp3
4603,4604.jpg,2YQC
4604,4605.jpg,2WYH
4605,4606.jpg,aoUv
4606,4607.jpg,rDPW
4607,4608.jpg,WI4d
4608,4609.jpg,bbI4
4609,4610.jpg,6KYC
4610,4611.jpg,nJnJ
4611,4612.jpg,fv6I
4612,4613.jpg,vHlB
4613,4614.jpg,XLYa
4614,4615.jpg,qlzF
4615,4616.jpg,slFz
4616,4617.jpg,vS8U
4617,4618.jpg,f9J2
4618,4619.jpg,fd0L
4619,4620.jpg,fTiQ
4620,4621.jpg,lbiy
4621,4622.jpg,GWqs
4622,4623.jpg,aM4u
4623,4624.jpg,ij7C
4624,4625.jpg,s2Ir
4625,4626.jpg,JzhO
4626,4627.jpg,IkV6
4627,4628.jpg,FiIM
4628,4629.jpg,W3Ud
4629,4630.jpg,zhPN
4630,4631.jpg,rJVb
4631,4632.jpg,VlRi
4632,4633.jpg,291w
4633,4634.jpg,o2Aw
4634,4635.jpg,EbaU
4635,4636.jpg,MGNV
4636,4637.jpg,W1pn
4637,4638.jpg,LpQD
4638,4639.jpg,bQJI
4639,4640.jpg,VS6t
4640,4641.jpg,3XS5
4641,4642.jpg,jl4N
4642,4643.jpg,y7uL
4643,4644.jpg,YCDe
4644,4645.jpg,dgsB
4645,4646.jpg,cGYb
4646,4647.jpg,dRaU
4647,4648.jpg,f6La
4648,4649.jpg,FJCz
4649,4650.jpg,8VFO
4650,4651.jpg,gawB
4651,4652.jpg,Vj6s
4652,4653.jpg,o02I
4653,4654.jpg,0CZ1
4654,4655.jpg,kJk2
4655,4656.jpg,3gCG
4656,4657.jpg,2dmH
4657,4658.jpg,BHXW
4658,4659.jpg,dvYF
4659,4660.jpg,CUxh
4660,4661.jpg,bbZy
4661,4662.jpg,2Qla
4662,4663.jpg,1rHw
4663,4664.jpg,8Y7B
4664,4665.jpg,8ktp
4665,4666.jpg,hRyE
4666,4667.jpg,mCbw
4667,4668.jpg,T8Af
4668,4669.jpg,EXwP
4669,4670.jpg,oC14
4670,4671.jpg,BazL
4671,4672.jpg,dteH
4672,4673.jpg,Q54C
4673,4674.jpg,xBx9
4674,4675.jpg,DODS
4675,4676.jpg,Et3W
4676,4677.jpg,Mp3W
4677,4678.jpg,bcJa
4678,4679.jpg,0cDa
4679,4680.jpg,n9vn
4680,4681.jpg,gaYv
4681,4682.jpg,lQCE
4682,4683.jpg,HtI1
4683,4684.jpg,yteZ
4684,4685.jpg,AABl
4685,4686.jpg,LY1e
4686,4687.jpg,dHXc
4687,4688.jpg,H2t0
4688,4689.jpg,FF8w
4689,4690.jpg,9qdI
4690,4691.jpg,6GQ0
4691,4692.jpg,7XlL
4692,4693.jpg,aY3c
4693,4694.jpg,tdU6
4694,4695.jpg,pfUO
4695,4696.jpg,DMoJ
4696,4697.jpg,A9EY
4697,4698.jpg,0hoE
4698,4699.jpg,BPo5
4699,4700.jpg,ajlB
4700,4701.jpg,7L47
4701,4702.jpg,RfDB
4702,4703.jpg,5aQ3
4703,4704.jpg,53iy
4704,4705.jpg,09Yu
4705,4706.jpg,07eH
4706,4707.jpg,ck9S
4707,4708.jpg,TgPO
4708,4709.jpg,CzAy
4709,4710.jpg,56kR
4710,4711.jpg,U78o
4711,4712.jpg,M715
4712,4713.jpg,mCj4
4713,4714.jpg,T79p
4714,4715.jpg,o7h8
4715,4716.jpg,wr8R
4716,4717.jpg,xRkA
4717,4718.jpg,Ou82
4718,4719.jpg,n1N8
4719,4720.jpg,ly7r
4720,4721.jpg,13Ep
4721,4722.jpg,hZXO
4722,4723.jpg,lxTv
4723,4724.jpg,HidL
4724,4725.jpg,3p0O
4725,4726.jpg,Tcd5
4726,4727.jpg,Ih8S
4727,4728.jpg,3sxr
4728,4729.jpg,JNds
4729,4730.jpg,T48Z
4730,4731.jpg,RjtZ
4731,4732.jpg,Y4P5
4732,4733.jpg,mPCO
4733,4734.jpg,8Pq2
4734,4735.jpg,WDox
4735,4736.jpg,L5jo
4736,4737.jpg,wESK
4737,4738.jpg,incT
4738,4739.jpg,48W3
4739,4740.jpg,GXf1
4740,4741.jpg,hslD
4741,4742.jpg,zz1D
4742,4743.jpg,yoOI
4743,4744.jpg,LtFl
4744,4745.jpg,AzXV
4745,4746.jpg,UEw4
4746,4747.jpg,LE8M
4747,4748.jpg,qlEU
4748,4749.jpg,GenI
4749,4750.jpg,Z86Z
4750,4751.jpg,tvBP
4751,4752.jpg,wLX2
4752,4753.jpg,XsT3
4753,4754.jpg,36b2
4754,4755.jpg,wdQ0
4755,4756.jpg,B8sX
4756,4757.jpg,4Ipw
4757,4758.jpg,rxRR
4758,4759.jpg,8ekP
4759,4760.jpg,cDHF
4760,4761.jpg,Tkuq
4761,4762.jpg,BJ5t
4762,4763.jpg,QfoG
4763,4764.jpg,i5oC
4764,4765.jpg,xgeT
4765,4766.jpg,aFJL
4766,4767.jpg,DWTg
4767,4768.jpg,ScgS
4768,4769.jpg,2pwd
4769,4770.jpg,Vuhh
4770,4771.jpg,RXyi
4771,4772.jpg,EJ95
4772,4773.jpg,SYuR
4773,4774.jpg,CJBT
4774,4775.jpg,iWY2
4775,4776.jpg,4Dbp
4776,4777.jpg,TEqU
4777,4778.jpg,4fF5
4778,4779.jpg,xXmk
4779,4780.jpg,mz8J
4780,4781.jpg,jjG8
4781,4782.jpg,fLc0
4782,4783.jpg,zz0d
4783,4784.jpg,Oyjh
4784,4785.jpg,pAdZ
4785,4786.jpg,ZJhT
4786,4787.jpg,b956
4787,4788.jpg,cn8h
4788,4789.jpg,ub4M
4789,4790.jpg,dROL
4790,4791.jpg,BkMc
4791,4792.jpg,UrKe
4792,4793.jpg,xDwM
4793,4794.jpg,o3ny
4794,4795.jpg,r7V3
4795,4796.jpg,Ar9J
4796,4797.jpg,J3aA
4797,4798.jpg,Vgy3
4798,4799.jpg,BGqV
4799,4800.jpg,Kr88
4800,4801.jpg,V0VQ
4801,4802.jpg,UnM2
4802,4803.jpg,kVq2
4803,4804.jpg,sikV
4804,4805.jpg,x2a2
4805,4806.jpg,Fyl4
4806,4807.jpg,b6vH
4807,4808.jpg,vzW5
4808,4809.jpg,rIpj
4809,4810.jpg,zbZm
4810,4811.jpg,8ZHV
4811,4812.jpg,QQ99
4812,4813.jpg,YWeg
4813,4814.jpg,pgHV
4814,4815.jpg,CmQh
4815,4816.jpg,ZG6G
4816,4817.jpg,dLFz
4817,4818.jpg,0a8n
4818,4819.jpg,mfsr
4819,4820.jpg,Kb0h
4820,4821.jpg,P1zK
4821,4822.jpg,Df6c
4822,4823.jpg,msQ4
4823,4824.jpg,IV3C
4824,4825.jpg,Fjxx
4825,4826.jpg,Dody
4826,4827.jpg,837f
4827,4828.jpg,BqT6
4828,4829.jpg,HQDM
4829,4830.jpg,br0g
4830,4831.jpg,vlCS
4831,4832.jpg,jFPB
4832,4833.jpg,Kamj
4833,4834.jpg,3c1S
4834,4835.jpg,EuIQ
4835,4836.jpg,sl0q
4836,4837.jpg,OEXP
4837,4838.jpg,vtRr
4838,4839.jpg,1bOq
4839,4840.jpg,KO3J
4840,4841.jpg,IA2A
4841,4842.jpg,IUHD
4842,4843.jpg,c06Q
4843,4844.jpg,ikVu
4844,4845.jpg,yIHA
4845,4846.jpg,J3Js
4846,4847.jpg,bgYS
4847,4848.jpg,g6gf
4848,4849.jpg,X4xC
4849,4850.jpg,8bX1
4850,4851.jpg,3bWK
4851,4852.jpg,fhYQ
4852,4853.jpg,ovLx
4853,4854.jpg,iM6j
4854,4855.jpg,djzq
4855,4856.jpg,GNa7
4856,4857.jpg,H6fY
4857,4858.jpg,hZzS
4858,4859.jpg,hzJ1
4859,4860.jpg,VVEC
4860,4861.jpg,kHAB
4861,4862.jpg,t1kn
4862,4863.jpg,KLOH
4863,4864.jpg,Kmp1
4864,4865.jpg,NG4K
4865,4866.jpg,WYaZ
4866,4867.jpg,LDsd
4867,4868.jpg,O6oZ
4868,4869.jpg,ZOlu
4869,4870.jpg,RYYj
4870,4871.jpg,WIXT
4871,4872.jpg,0ndn
4872,4873.jpg,bQfc
4873,4874.jpg,Qh7h
4874,4875.jpg,k5S1
4875,4876.jpg,1lsV
4876,4877.jpg,P7sK
4877,4878.jpg,Om7t
4878,4879.jpg,X7AW
4879,4880.jpg,xfxT
4880,4881.jpg,64ea
4881,4882.jpg,pNVN
4882,4883.jpg,j3Vd
4883,4884.jpg,YeCB
4884,4885.jpg,39sD
4885,4886.jpg,rEiN
4886,4887.jpg,4Qs8
4887,4888.jpg,OWJS
4888,4889.jpg,Ts9v
4889,4890.jpg,MGNp
4890,4891.jpg,7uGk
4891,4892.jpg,XDdr
4892,4893.jpg,4Dim
4893,4894.jpg,ZVmQ
4894,4895.jpg,CK8A
4895,4896.jpg,aEl8
4896,4897.jpg,sjeO
4897,4898.jpg,9qEE
4898,4899.jpg,rHXn
4899,4900.jpg,5xY9
4900,4901.jpg,Rmew
4901,4902.jpg,6KpW
4902,4903.jpg,Jstu
4903,4904.jpg,jRBv
4904,4905.jpg,va7O
4905,4906.jpg,k5cs
4906,4907.jpg,Gmiy
4907,4908.jpg,c0AK
4908,4909.jpg,5yM1
4909,4910.jpg,OG5f
4910,4911.jpg,9C4Z
4911,4912.jpg,fPMZ
4912,4913.jpg,fmYH
4913,4914.jpg,8AST
4914,4915.jpg,Hcvk
4915,4916.jpg,ZkJo
4916,4917.jpg,YWr0
4917,4918.jpg,jbFo
4918,4919.jpg,TLF7
4919,4920.jpg,R9Is
4920,4921.jpg,UOw4
4921,4922.jpg,CBxE
4922,4923.jpg,l5Pn
4923,4924.jpg,oqxN
4924,4925.jpg,wiwB
4925,4926.jpg,hiqp
4926,4927.jpg,L4hE
4927,4928.jpg,rius
4928,4929.jpg,l5Se
4929,4930.jpg,WFz7
4930,4931.jpg,8x76
4931,4932.jpg,78qx
4932,4933.jpg,mYWx
4933,4934.jpg,R7sf
4934,4935.jpg,mWKJ
4935,4936.jpg,ZD1J
4936,4937.jpg,PXRx
4937,4938.jpg,D3OD
4938,4939.jpg,g4Mi
4939,4940.jpg,A1Ft
4940,4941.jpg,kIZf
4941,4942.jpg,b8Ei
4942,4943.jpg,WycV
4943,4944.jpg,LEn1
4944,4945.jpg,lmCd
4945,4946.jpg,kVJk
4946,4947.jpg,lh2F
4947,4948.jpg,IKTO
4948,4949.jpg,jPBT
4949,4950.jpg,jFXE
4950,4951.jpg,uGUr
4951,4952.jpg,KLzc
4952,4953.jpg,Pw8s
4953,4954.jpg,crRl
4954,4955.jpg,9lNd
4955,4956.jpg,Iocc
4956,4957.jpg,LxUm
4957,4958.jpg,lofg
4958,4959.jpg,QHY8
4959,4960.jpg,RNic
4960,4961.jpg,SKkB
4961,4962.jpg,qHf9
4962,4963.jpg,64z3
4963,4964.jpg,GgiR
4964,4965.jpg,5TQz
4965,4966.jpg,wOWN
4966,4967.jpg,B93f
4967,4968.jpg,hEzq
4968,4969.jpg,R21n
4969,4970.jpg,1itT
4970,4971.jpg,XgDr
4971,4972.jpg,JsTO
4972,4973.jpg,uyaC
4973,4974.jpg,xccd
4974,4975.jpg,0ypm
4975,4976.jpg,sPgC
4976,4977.jpg,lkmL
4977,4978.jpg,IZIE
4978,4979.jpg,Tu19
4979,4980.jpg,soJi
4980,4981.jpg,VBd1
4981,4982.jpg,4Gii
4982,4983.jpg,nVdz
4983,4984.jpg,yTYM
4984,4985.jpg,R07E
4985,4986.jpg,rApB
4986,4987.jpg,hyhz
4987,4988.jpg,bYxV
4988,4989.jpg,qbYm
4989,4990.jpg,yuiK
4990,4991.jpg,5sxK
4991,4992.jpg,mxpj
4992,4993.jpg,fuqq
4993,4994.jpg,BVY3
4994,4995.jpg,0sNr
4995,4996.jpg,z1mi
4996,4997.jpg,2uki
4997,4998.jpg,gCQU
4998,4999.jpg,S0Kk
4999,5000.jpg,i169
